AA_BIL;DESCR_AREA;DESCR_FUNZIONE;DESCR_TITOLO;DESCR_CEC;DESCR_TRASF;STANZ_INIZIALE
2013;ORGANI ISTITUZIONALI;ORGANI LEGISLATIVI, ESECUTIVI E DI CONTROLLO;TITOLO I - SPESE CORRENTI;SERVIZI DEGLI ORGANI COSTITUZIONALI DELLA REGIONE         ;;33302828,94
2013;ORGANI ISTITUZIONALI;ORGANI LEGISLATIVI, ESECUTIVI E DI CONTROLLO;TITOLO I - SPESE CORRENTI;ACQUISTO DI BENI E SERVIZI;;64000,00
2013;AFFARI GENERALI;AMMINISTRAZIONE REGIONALE;TITOLO I - SPESE CORRENTI;SPESE PER IL PERSONALE;;139761247,07
2013;AFFARI GENERALI;AMMINISTRAZIONE REGIONALE;TITOLO I - SPESE CORRENTI;ACQUISTO DI BENI E SERVIZI;;85319194,04
2013;AFFARI GENERALI;AMMINISTRAZIONE REGIONALE;TITOLO I - SPESE CORRENTI;IMPOSTE E TASSE         ;;12680000,00
2013;AFFARI GENERALI;AMMINISTRAZIONE REGIONALE;TITOLO I - SPESE CORRENTI;TRASFERIMENTI CORRENTI;ALLO STATO E AD ALTRI ENTI DEL SETTORE STATALE;12000,00
2013;AFFARI GENERALI;AMMINISTRAZIONE REGIONALE;TITOLO I - SPESE CORRENTI;TRASFERIMENTI CORRENTI;AI COMUNI;80000,00
2013;AFFARI GENERALI;AMMINISTRAZIONE REGIONALE;TITOLO I - SPESE CORRENTI;TRASFERIMENTI CORRENTI;ALLE PROVINCE;34629,72
2013;AFFARI GENERALI;AMMINISTRAZIONE REGIONALE;TITOLO I - SPESE CORRENTI;TRASFERIMENTI CORRENTI;AI CONSORZI ED AZIENDE DI ENTI LOCALI E ALLE COMUNITA' MONTANE;1500000,00
2013;AFFARI GENERALI;AMMINISTRAZIONE REGIONALE;TITOLO I - SPESE CORRENTI;TRASFERIMENTI CORRENTI;AD ALTRI ENTI DEL SETTORE PUBBLICO ALLARGATO;0,00
2013;AFFARI GENERALI;AMMINISTRAZIONE REGIONALE;TITOLO I - SPESE CORRENTI;TRASFERIMENTI CORRENTI;AL SETTORE PRIVATO;77600,00
2013;AFFARI GENERALI;AMMINISTRAZIONE REGIONALE;TITOLO I - SPESE CORRENTI;INTERESSI PASSIVI;;210000,00
2013;AFFARI GENERALI;AMMINISTRAZIONE REGIONALE;TITOLO I - SPESE CORRENTI;ALTRE SPESE CORRENTI;;2117000,00
2013;AFFARI GENERALI;AMMINISTRAZIONE REGIONALE;TITOLO I - SPESE CORRENTI;SOMME NON ATTRIBUIBILI         ;;310000,00
2013;AFFARI GENERALI;AMMINISTRAZIONE REGIONALE;TITOLO II - SPESE D'INVESTIMENTO;BENI ED OPERE IMMOBILIARI;;28226337,40
2013;AFFARI GENERALI;AMMINISTRAZIONE REGIONALE;TITOLO II - SPESE D'INVESTIMENTO;BENI MOBILI, MACCHINE ED ATTREZZATURE TECNICO-SCIENTIFICHE;;15365174,20
2013;AFFARI GENERALI;AMMINISTRAZIONE REGIONALE;TITOLO II - SPESE D'INVESTIMENTO;TRASFERIMENTI IN CONTO CAPITALE;AI COMUNI;0,00
2013;AFFARI GENERALI;AUTONOMIE LOCALI - ESERCIZIO DELLE FUNZIONI DELEGATE;TITOLO I - SPESE CORRENTI;TRASFERIMENTI CORRENTI;AI COMUNI;25028699,54
2013;AFFARI GENERALI;AUTONOMIE LOCALI - ESERCIZIO DELLE FUNZIONI DELEGATE;TITOLO I - SPESE CORRENTI;TRASFERIMENTI CORRENTI;ALLE PROVINCE;11577735,91
2013;AFFARI GENERALI;AUTONOMIE LOCALI - ESERCIZIO DELLE FUNZIONI DELEGATE;TITOLO I - SPESE CORRENTI;TRASFERIMENTI CORRENTI;AI CONSORZI ED AZIENDE DI ENTI LOCALI E ALLE COMUNITA' MONTANE;1000000,00
2013;AFFARI GENERALI;AUTONOMIE LOCALI - ESERCIZIO DELLE FUNZIONI DELEGATE;TITOLO I - SPESE CORRENTI;TRASFERIMENTI CORRENTI;AD ALTRI ENTI DEL SETTORE PUBBLICO ALLARGATO;10586834,55
2013;AFFARI GENERALI;AUTONOMIE LOCALI - ESERCIZIO DELLE FUNZIONI DELEGATE;TITOLO II - SPESE D'INVESTIMENTO;TRASFERIMENTI IN CONTO CAPITALE;AI COMUNI;691000,00
2013;AFFARI GENERALI;AUTONOMIE LOCALI - ESERCIZIO DELLE FUNZIONI DELEGATE;TITOLO II - SPESE D'INVESTIMENTO;TRASFERIMENTI IN CONTO CAPITALE;AI CONSORZI ED AZIENDE DI ENTI LOCALI E ALLE COMUNITA' MONTANE;9769676,40
2013;AFFARI GENERALI;AUTONOMIE LOCALI - ESERCIZIO DELLE FUNZIONI DELEGATE;TITOLO II - SPESE D'INVESTIMENTO;TRASFERIMENTI IN CONTO CAPITALE;AD ALTRI ENTI DEL SETTORE PUBBLICO ALLARGATO;0,00
2013;AFFARI GENERALI;ALTRI INTERVENTI GENERALI;TITOLO I - SPESE CORRENTI;ACQUISTO DI BENI E SERVIZI;;5896663,87
2013;AFFARI GENERALI;ALTRI INTERVENTI GENERALI;TITOLO I - SPESE CORRENTI;TRASFERIMENTI CORRENTI;ALLO STATO E AD ALTRI ENTI DEL SETTORE STATALE;82500000,00
2013;AFFARI GENERALI;ALTRI INTERVENTI GENERALI;TITOLO I - SPESE CORRENTI;TRASFERIMENTI CORRENTI;AI COMUNI;980000,00
2013;AFFARI GENERALI;ALTRI INTERVENTI GENERALI;TITOLO I - SPESE CORRENTI;TRASFERIMENTI CORRENTI;ALLE PROVINCE;570000,00
2013;AFFARI GENERALI;ALTRI INTERVENTI GENERALI;TITOLO I - SPESE CORRENTI;TRASFERIMENTI CORRENTI;AD ALTRI ENTI DEL SETTORE PUBBLICO ALLARGATO;518206,32
2013;AFFARI GENERALI;ALTRI INTERVENTI GENERALI;TITOLO I - SPESE CORRENTI;TRASFERIMENTI CORRENTI;AL SETTORE PRIVATO;3320201,98
2013;AFFARI GENERALI;ALTRI INTERVENTI GENERALI;TITOLO II - SPESE D'INVESTIMENTO;BENI MOBILI, MACCHINE ED ATTREZZATURE TECNICO-SCIENTIFICHE;;160587,65
2013;AFFARI GENERALI;ALTRI INTERVENTI GENERALI;TITOLO II - SPESE D'INVESTIMENTO;TRASFERIMENTI IN CONTO CAPITALE;ALLO STATO E AD ALTRI ENTI DEL SETTORE STATALE;10000,00
2013;AFFARI GENERALI;ALTRI INTERVENTI GENERALI;TITOLO II - SPESE D'INVESTIMENTO;TRASFERIMENTI IN CONTO CAPITALE;AI COMUNI;3372734,64
2013;AFFARI GENERALI;ALTRI INTERVENTI GENERALI;TITOLO II - SPESE D'INVESTIMENTO;PARTECIPAZIONI AZIONARIE E CONFERIMENTI;;0,00
2013;INTERVENTI PER LO SVILUPPO ECONOMICO;AGRICOLTURA;TITOLO I - SPESE CORRENTI;SPESE PER IL PERSONALE;;0,00
2013;INTERVENTI PER LO SVILUPPO ECONOMICO;AGRICOLTURA;TITOLO I - SPESE CORRENTI;ACQUISTO DI BENI E SERVIZI;;3669649,89
2013;INTERVENTI PER LO SVILUPPO ECONOMICO;AGRICOLTURA;TITOLO I - SPESE CORRENTI;TRASFERIMENTI CORRENTI;ALLO STATO E AD ALTRI ENTI DEL SETTORE STATALE;175011,44
2013;INTERVENTI PER LO SVILUPPO ECONOMICO;AGRICOLTURA;TITOLO I - SPESE CORRENTI;TRASFERIMENTI CORRENTI;AI COMUNI;50000,00
2013;INTERVENTI PER LO SVILUPPO ECONOMICO;AGRICOLTURA;TITOLO I - SPESE CORRENTI;TRASFERIMENTI CORRENTI;ALLE PROVINCE;205385,33
2013;INTERVENTI PER LO SVILUPPO ECONOMICO;AGRICOLTURA;TITOLO I - SPESE CORRENTI;TRASFERIMENTI CORRENTI;AI CONSORZI ED AZIENDE DI ENTI LOCALI E ALLE COMUNITA' MONTANE;750000,00
2013;INTERVENTI PER LO SVILUPPO ECONOMICO;AGRICOLTURA;TITOLO I - SPESE CORRENTI;TRASFERIMENTI CORRENTI;AD ALTRI ENTI DEL SETTORE PUBBLICO ALLARGATO;0,00
2013;INTERVENTI PER LO SVILUPPO ECONOMICO;AGRICOLTURA;TITOLO I - SPESE CORRENTI;TRASFERIMENTI CORRENTI;AL SETTORE PRIVATO;5819468,14
2013;INTERVENTI PER LO SVILUPPO ECONOMICO;AGRICOLTURA;TITOLO II - SPESE D'INVESTIMENTO;BENI ED OPERE IMMOBILIARI;;3776063,67
2013;INTERVENTI PER LO SVILUPPO ECONOMICO;AGRICOLTURA;TITOLO II - SPESE D'INVESTIMENTO;BENI MOBILI, MACCHINE ED ATTREZZATURE TECNICO-SCIENTIFICHE;;0,00
2013;INTERVENTI PER LO SVILUPPO ECONOMICO;AGRICOLTURA;TITOLO II - SPESE D'INVESTIMENTO;TRASFERIMENTI IN CONTO CAPITALE;AI COMUNI;0,00
2013;INTERVENTI PER LO SVILUPPO ECONOMICO;AGRICOLTURA;TITOLO II - SPESE D'INVESTIMENTO;TRASFERIMENTI IN CONTO CAPITALE;ALLE PROVINCE;5387398,34
2013;INTERVENTI PER LO SVILUPPO ECONOMICO;AGRICOLTURA;TITOLO II - SPESE D'INVESTIMENTO;TRASFERIMENTI IN CONTO CAPITALE;AI CONSORZI ED AZIENDE DI ENTI LOCALI E ALLE COMUNITA' MONTANE;15900000,00
2013;INTERVENTI PER LO SVILUPPO ECONOMICO;AGRICOLTURA;TITOLO II - SPESE D'INVESTIMENTO;TRASFERIMENTI IN CONTO CAPITALE;AD ALTRI ENTI DEL SETTORE PUBBLICO ALLARGATO;0,00
2013;INTERVENTI PER LO SVILUPPO ECONOMICO;AGRICOLTURA;TITOLO II - SPESE D'INVESTIMENTO;TRASFERIMENTI IN CONTO CAPITALE;AL SETTORE PRIVATO;19630706,50
2013;INTERVENTI PER LO SVILUPPO ECONOMICO;INDUSTRIA - COOPERAZIONE - ARTIGIANATO E PROBLEMI DEL LAVORO;TITOLO I - SPESE CORRENTI;ACQUISTO DI BENI E SERVIZI;;15813972,16
2013;INTERVENTI PER LO SVILUPPO ECONOMICO;INDUSTRIA - COOPERAZIONE - ARTIGIANATO E PROBLEMI DEL LAVORO;TITOLO I - SPESE CORRENTI;TRASFERIMENTI CORRENTI;ALLO STATO E AD ALTRI ENTI DEL SETTORE STATALE;0,00
2013;INTERVENTI PER LO SVILUPPO ECONOMICO;INDUSTRIA - COOPERAZIONE - ARTIGIANATO E PROBLEMI DEL LAVORO;TITOLO I - SPESE CORRENTI;TRASFERIMENTI CORRENTI;AI COMUNI;200000,00
2013;INTERVENTI PER LO SVILUPPO ECONOMICO;INDUSTRIA - COOPERAZIONE - ARTIGIANATO E PROBLEMI DEL LAVORO;TITOLO I - SPESE CORRENTI;TRASFERIMENTI CORRENTI;ALLE PROVINCE;4209127,00
2013;INTERVENTI PER LO SVILUPPO ECONOMICO;INDUSTRIA - COOPERAZIONE - ARTIGIANATO E PROBLEMI DEL LAVORO;TITOLO I - SPESE CORRENTI;TRASFERIMENTI CORRENTI;AD ALTRI ENTI DEL SETTORE PUBBLICO ALLARGATO;2229922,20
2013;INTERVENTI PER LO SVILUPPO ECONOMICO;INDUSTRIA - COOPERAZIONE - ARTIGIANATO E PROBLEMI DEL LAVORO;TITOLO I - SPESE CORRENTI;TRASFERIMENTI CORRENTI;AL SETTORE PRIVATO;17677683,99
2013;INTERVENTI PER LO SVILUPPO ECONOMICO;INDUSTRIA - COOPERAZIONE - ARTIGIANATO E PROBLEMI DEL LAVORO;TITOLO II - SPESE D'INVESTIMENTO;BENI ED OPERE IMMOBILIARI;;27167367,48
2013;INTERVENTI PER LO SVILUPPO ECONOMICO;INDUSTRIA - COOPERAZIONE - ARTIGIANATO E PROBLEMI DEL LAVORO;TITOLO II - SPESE D'INVESTIMENTO;BENI MOBILI, MACCHINE ED ATTREZZATURE TECNICO-SCIENTIFICHE;;261675,72
2013;INTERVENTI PER LO SVILUPPO ECONOMICO;INDUSTRIA - COOPERAZIONE - ARTIGIANATO E PROBLEMI DEL LAVORO;TITOLO II - SPESE D'INVESTIMENTO;TRASFERIMENTI IN CONTO CAPITALE;ALLO STATO E AD ALTRI ENTI DEL SETTORE STATALE;47695,65
2013;INTERVENTI PER LO SVILUPPO ECONOMICO;INDUSTRIA - COOPERAZIONE - ARTIGIANATO E PROBLEMI DEL LAVORO;TITOLO II - SPESE D'INVESTIMENTO;TRASFERIMENTI IN CONTO CAPITALE;AI COMUNI;26296207,91
2013;INTERVENTI PER LO SVILUPPO ECONOMICO;INDUSTRIA - COOPERAZIONE - ARTIGIANATO E PROBLEMI DEL LAVORO;TITOLO II - SPESE D'INVESTIMENTO;TRASFERIMENTI IN CONTO CAPITALE;ALLE PROVINCE;58048889,92
2013;INTERVENTI PER LO SVILUPPO ECONOMICO;INDUSTRIA - COOPERAZIONE - ARTIGIANATO E PROBLEMI DEL LAVORO;TITOLO II - SPESE D'INVESTIMENTO;TRASFERIMENTI IN CONTO CAPITALE;AD ALTRI ENTI DEL SETTORE PUBBLICO ALLARGATO;28790944,35
2013;INTERVENTI PER LO SVILUPPO ECONOMICO;INDUSTRIA - COOPERAZIONE - ARTIGIANATO E PROBLEMI DEL LAVORO;TITOLO II - SPESE D'INVESTIMENTO;TRASFERIMENTI IN CONTO CAPITALE;AL SETTORE PRIVATO;95691874,06
2013;INTERVENTI PER LO SVILUPPO ECONOMICO;INDUSTRIA - COOPERAZIONE - ARTIGIANATO E PROBLEMI DEL LAVORO;TITOLO II - SPESE D'INVESTIMENTO;PARTECIPAZIONI AZIONARIE E CONFERIMENTI;;530731,74
2013;INTERVENTI PER LO SVILUPPO ECONOMICO;TURISMO;TITOLO I - SPESE CORRENTI;ACQUISTO DI BENI E SERVIZI;;10968519,36
2013;INTERVENTI PER LO SVILUPPO ECONOMICO;TURISMO;TITOLO I - SPESE CORRENTI;TRASFERIMENTI CORRENTI;AI COMUNI;595500,00
2013;INTERVENTI PER LO SVILUPPO ECONOMICO;TURISMO;TITOLO I - SPESE CORRENTI;TRASFERIMENTI CORRENTI;ALLE PROVINCE;3150000,00
2013;INTERVENTI PER LO SVILUPPO ECONOMICO;TURISMO;TITOLO I - SPESE CORRENTI;TRASFERIMENTI CORRENTI;AI CONSORZI ED AZIENDE DI ENTI LOCALI E ALLE COMUNITA' MONTANE;0,00
2013;INTERVENTI PER LO SVILUPPO ECONOMICO;TURISMO;TITOLO I - SPESE CORRENTI;TRASFERIMENTI CORRENTI;AD ALTRI ENTI DEL SETTORE PUBBLICO ALLARGATO;0,00
2013;INTERVENTI PER LO SVILUPPO ECONOMICO;TURISMO;TITOLO I - SPESE CORRENTI;TRASFERIMENTI CORRENTI;AL SETTORE PRIVATO;6115100,00
2013;INTERVENTI PER LO SVILUPPO ECONOMICO;TURISMO;TITOLO II - SPESE D'INVESTIMENTO;TRASFERIMENTI IN CONTO CAPITALE;AI COMUNI;2543796,90
2013;INTERVENTI PER LO SVILUPPO ECONOMICO;TURISMO;TITOLO II - SPESE D'INVESTIMENTO;TRASFERIMENTI IN CONTO CAPITALE;ALLE PROVINCE;26198,68
2013;INTERVENTI PER LO SVILUPPO ECONOMICO;TURISMO;TITOLO II - SPESE D'INVESTIMENTO;TRASFERIMENTI IN CONTO CAPITALE;AL SETTORE PRIVATO;13039045,20
2013;INTERVENTI PER LO SVILUPPO ECONOMICO;TURISMO;TITOLO II - SPESE D'INVESTIMENTO;PARTECIPAZIONI AZIONARIE E CONFERIMENTI;;0,00
2013;INTERVENTI PER LO SVILUPPO ECONOMICO;COMMERCIO;TITOLO I - SPESE CORRENTI;ACQUISTO DI BENI E SERVIZI;;682037,49
2013;INTERVENTI PER LO SVILUPPO ECONOMICO;COMMERCIO;TITOLO I - SPESE CORRENTI;TRASFERIMENTI CORRENTI;ALLE PROVINCE;900000,00
2013;INTERVENTI PER LO SVILUPPO ECONOMICO;COMMERCIO;TITOLO I - SPESE CORRENTI;TRASFERIMENTI CORRENTI;AL SETTORE PRIVATO;595000,00
2013;INTERVENTI PER LO SVILUPPO ECONOMICO;COMMERCIO;TITOLO II - SPESE D'INVESTIMENTO;TRASFERIMENTI IN CONTO CAPITALE;ALLE PROVINCE;0,00
2013;INTERVENTI PER LO SVILUPPO ECONOMICO;COMMERCIO;TITOLO II - SPESE D'INVESTIMENTO;TRASFERIMENTI IN CONTO CAPITALE;AL SETTORE PRIVATO;3070000,00
2013;INTERVENTI PER LO SVILUPPO ECONOMICO;COMMERCIO;TITOLO II - SPESE D'INVESTIMENTO;PARTECIPAZIONI AZIONARIE E CONFERIMENTI;;0,00
2013;USO, SALVAGUARDIA E SVILUPPO DEL TERRITORIO;URBANISTICA E POLITICHE PER LA CASA;TITOLO I - SPESE CORRENTI;ACQUISTO DI BENI E SERVIZI;;5105103,76
2013;USO, SALVAGUARDIA E SVILUPPO DEL TERRITORIO;URBANISTICA E POLITICHE PER LA CASA;TITOLO I - SPESE CORRENTI;TRASFERIMENTI CORRENTI;ALLO STATO E AD ALTRI ENTI DEL SETTORE STATALE;0,00
2013;USO, SALVAGUARDIA E SVILUPPO DEL TERRITORIO;URBANISTICA E POLITICHE PER LA CASA;TITOLO I - SPESE CORRENTI;TRASFERIMENTI CORRENTI;AI COMUNI;3752188,52
2013;USO, SALVAGUARDIA E SVILUPPO DEL TERRITORIO;URBANISTICA E POLITICHE PER LA CASA;TITOLO I - SPESE CORRENTI;TRASFERIMENTI CORRENTI;ALLE PROVINCE;0,00
2013;USO, SALVAGUARDIA E SVILUPPO DEL TERRITORIO;URBANISTICA E POLITICHE PER LA CASA;TITOLO I - SPESE CORRENTI;TRASFERIMENTI CORRENTI;AL SETTORE PRIVATO;450000,00
2013;USO, SALVAGUARDIA E SVILUPPO DEL TERRITORIO;URBANISTICA E POLITICHE PER LA CASA;TITOLO I - SPESE CORRENTI;SOMME NON ATTRIBUIBILI         ;;34080,37
2013;USO, SALVAGUARDIA E SVILUPPO DEL TERRITORIO;URBANISTICA E POLITICHE PER LA CASA;TITOLO II - SPESE D'INVESTIMENTO;TRASFERIMENTI IN CONTO CAPITALE;AI COMUNI;122998658,59
2013;USO, SALVAGUARDIA E SVILUPPO DEL TERRITORIO;URBANISTICA E POLITICHE PER LA CASA;TITOLO II - SPESE D'INVESTIMENTO;TRASFERIMENTI IN CONTO CAPITALE;AL SETTORE PRIVATO;116478545,57
2013;USO, SALVAGUARDIA E SVILUPPO DEL TERRITORIO;URBANISTICA E POLITICHE PER LA CASA;TITOLO II - SPESE D'INVESTIMENTO;CONCESSIONI DI CREDITI ED ANTICIPAZIONI;;38888198,31
2013;USO, SALVAGUARDIA E SVILUPPO DEL TERRITORIO;TUTELA E VALORIZZAZIONE DELL'AMBIENTE;TITOLO I - SPESE CORRENTI;ACQUISTO DI BENI E SERVIZI;;7967049,14
2013;USO, SALVAGUARDIA E SVILUPPO DEL TERRITORIO;TUTELA E VALORIZZAZIONE DELL'AMBIENTE;TITOLO I - SPESE CORRENTI;TRASFERIMENTI CORRENTI;ALLO STATO E AD ALTRI ENTI DEL SETTORE STATALE;0,00
2013;USO, SALVAGUARDIA E SVILUPPO DEL TERRITORIO;TUTELA E VALORIZZAZIONE DELL'AMBIENTE;TITOLO I - SPESE CORRENTI;TRASFERIMENTI CORRENTI;AI COMUNI;1616627,10
2013;USO, SALVAGUARDIA E SVILUPPO DEL TERRITORIO;TUTELA E VALORIZZAZIONE DELL'AMBIENTE;TITOLO I - SPESE CORRENTI;TRASFERIMENTI CORRENTI;ALLE PROVINCE;8495697,06
2013;USO, SALVAGUARDIA E SVILUPPO DEL TERRITORIO;TUTELA E VALORIZZAZIONE DELL'AMBIENTE;TITOLO I - SPESE CORRENTI;TRASFERIMENTI CORRENTI;AI CONSORZI ED AZIENDE DI ENTI LOCALI E ALLE COMUNITA' MONTANE;6067506,97
2013;USO, SALVAGUARDIA E SVILUPPO DEL TERRITORIO;TUTELA E VALORIZZAZIONE DELL'AMBIENTE;TITOLO I - SPESE CORRENTI;TRASFERIMENTI CORRENTI;AD ALTRI ENTI DEL SETTORE PUBBLICO ALLARGATO;3882209,00
2013;USO, SALVAGUARDIA E SVILUPPO DEL TERRITORIO;TUTELA E VALORIZZAZIONE DELL'AMBIENTE;TITOLO I - SPESE CORRENTI;TRASFERIMENTI CORRENTI;AL SETTORE PRIVATO;3442461,95
2013;USO, SALVAGUARDIA E SVILUPPO DEL TERRITORIO;TUTELA E VALORIZZAZIONE DELL'AMBIENTE;TITOLO II - SPESE D'INVESTIMENTO;BENI ED OPERE IMMOBILIARI;;48832265,78
2013;USO, SALVAGUARDIA E SVILUPPO DEL TERRITORIO;TUTELA E VALORIZZAZIONE DELL'AMBIENTE;TITOLO II - SPESE D'INVESTIMENTO;BENI MOBILI, MACCHINE ED ATTREZZATURE TECNICO-SCIENTIFICHE;;1747931,52
2013;USO, SALVAGUARDIA E SVILUPPO DEL TERRITORIO;TUTELA E VALORIZZAZIONE DELL'AMBIENTE;TITOLO II - SPESE D'INVESTIMENTO;TRASFERIMENTI IN CONTO CAPITALE;ALLO STATO E AD ALTRI ENTI DEL SETTORE STATALE;0,00
2013;USO, SALVAGUARDIA E SVILUPPO DEL TERRITORIO;TUTELA E VALORIZZAZIONE DELL'AMBIENTE;TITOLO II - SPESE D'INVESTIMENTO;TRASFERIMENTI IN CONTO CAPITALE;AI COMUNI;27237177,83
2013;USO, SALVAGUARDIA E SVILUPPO DEL TERRITORIO;TUTELA E VALORIZZAZIONE DELL'AMBIENTE;TITOLO II - SPESE D'INVESTIMENTO;TRASFERIMENTI IN CONTO CAPITALE;ALLE PROVINCE;37987528,47
2013;USO, SALVAGUARDIA E SVILUPPO DEL TERRITORIO;TUTELA E VALORIZZAZIONE DELL'AMBIENTE;TITOLO II - SPESE D'INVESTIMENTO;TRASFERIMENTI IN CONTO CAPITALE;AI CONSORZI ED AZIENDE DI ENTI LOCALI E ALLE COMUNITA' MONTANE;0,00
2013;USO, SALVAGUARDIA E SVILUPPO DEL TERRITORIO;TUTELA E VALORIZZAZIONE DELL'AMBIENTE;TITOLO II - SPESE D'INVESTIMENTO;TRASFERIMENTI IN CONTO CAPITALE;AD ALTRI ENTI DEL SETTORE PUBBLICO ALLARGATO;3015813,29
2013;USO, SALVAGUARDIA E SVILUPPO DEL TERRITORIO;TUTELA E VALORIZZAZIONE DELL'AMBIENTE;TITOLO II - SPESE D'INVESTIMENTO;TRASFERIMENTI IN CONTO CAPITALE;AL SETTORE PRIVATO;11120075,62
2013;USO, SALVAGUARDIA E SVILUPPO DEL TERRITORIO;TRASPORTI E MOBILITA';TITOLO I - SPESE CORRENTI;ACQUISTO DI BENI E SERVIZI;;3932851,38
2013;USO, SALVAGUARDIA E SVILUPPO DEL TERRITORIO;TRASPORTI E MOBILITA';TITOLO I - SPESE CORRENTI;TRASFERIMENTI CORRENTI;ALLO STATO E AD ALTRI ENTI DEL SETTORE STATALE;134124,51
2013;USO, SALVAGUARDIA E SVILUPPO DEL TERRITORIO;TRASPORTI E MOBILITA';TITOLO I - SPESE CORRENTI;TRASFERIMENTI CORRENTI;AI COMUNI;450000,00
2013;USO, SALVAGUARDIA E SVILUPPO DEL TERRITORIO;TRASPORTI E MOBILITA';TITOLO I - SPESE CORRENTI;TRASFERIMENTI CORRENTI;ALLE PROVINCE;0,00
2013;USO, SALVAGUARDIA E SVILUPPO DEL TERRITORIO;TRASPORTI E MOBILITA';TITOLO I - SPESE CORRENTI;TRASFERIMENTI CORRENTI;AD ALTRI ENTI DEL SETTORE PUBBLICO ALLARGATO;1609504,98
2013;USO, SALVAGUARDIA E SVILUPPO DEL TERRITORIO;TRASPORTI E MOBILITA';TITOLO I - SPESE CORRENTI;TRASFERIMENTI CORRENTI;AL SETTORE PRIVATO;458864317,38
2013;USO, SALVAGUARDIA E SVILUPPO DEL TERRITORIO;TRASPORTI E MOBILITA';TITOLO I - SPESE CORRENTI;ALTRE SPESE CORRENTI;;0,00
2013;USO, SALVAGUARDIA E SVILUPPO DEL TERRITORIO;TRASPORTI E MOBILITA';TITOLO II - SPESE D'INVESTIMENTO;BENI ED OPERE IMMOBILIARI;;159874193,30
2013;USO, SALVAGUARDIA E SVILUPPO DEL TERRITORIO;TRASPORTI E MOBILITA';TITOLO II - SPESE D'INVESTIMENTO;BENI MOBILI, MACCHINE ED ATTREZZATURE TECNICO-SCIENTIFICHE;;3852584,45
2013;USO, SALVAGUARDIA E SVILUPPO DEL TERRITORIO;TRASPORTI E MOBILITA';TITOLO II - SPESE D'INVESTIMENTO;TRASFERIMENTI IN CONTO CAPITALE;AI COMUNI;26127908,24
2013;USO, SALVAGUARDIA E SVILUPPO DEL TERRITORIO;TRASPORTI E MOBILITA';TITOLO II - SPESE D'INVESTIMENTO;TRASFERIMENTI IN CONTO CAPITALE;ALLE PROVINCE;47328176,30
2013;USO, SALVAGUARDIA E SVILUPPO DEL TERRITORIO;TRASPORTI E MOBILITA';TITOLO II - SPESE D'INVESTIMENTO;TRASFERIMENTI IN CONTO CAPITALE;AL SETTORE PRIVATO;100015049,39
2013;USO, SALVAGUARDIA E SVILUPPO DEL TERRITORIO;TRASPORTI E MOBILITA';TITOLO II - SPESE D'INVESTIMENTO;PARTECIPAZIONI AZIONARIE E CONFERIMENTI;;224500,00
2013;USO, SALVAGUARDIA E SVILUPPO DEL TERRITORIO;PROTEZIONE CIVILE ED INTERVENTI DI EMERGENZA;TITOLO I - SPESE CORRENTI;ACQUISTO DI BENI E SERVIZI;;449690,63
2013;USO, SALVAGUARDIA E SVILUPPO DEL TERRITORIO;PROTEZIONE CIVILE ED INTERVENTI DI EMERGENZA;TITOLO I - SPESE CORRENTI;TRASFERIMENTI CORRENTI;ALLO STATO E AD ALTRI ENTI DEL SETTORE STATALE;142003,79
2013;USO, SALVAGUARDIA E SVILUPPO DEL TERRITORIO;PROTEZIONE CIVILE ED INTERVENTI DI EMERGENZA;TITOLO I - SPESE CORRENTI;TRASFERIMENTI CORRENTI;AI COMUNI;6502189,47
2013;USO, SALVAGUARDIA E SVILUPPO DEL TERRITORIO;PROTEZIONE CIVILE ED INTERVENTI DI EMERGENZA;TITOLO I - SPESE CORRENTI;TRASFERIMENTI CORRENTI;ALLE PROVINCE;43658,69
2013;USO, SALVAGUARDIA E SVILUPPO DEL TERRITORIO;PROTEZIONE CIVILE ED INTERVENTI DI EMERGENZA;TITOLO I - SPESE CORRENTI;TRASFERIMENTI CORRENTI;AI CONSORZI ED AZIENDE DI ENTI LOCALI E ALLE COMUNITA' MONTANE;3466811,20
2013;USO, SALVAGUARDIA E SVILUPPO DEL TERRITORIO;PROTEZIONE CIVILE ED INTERVENTI DI EMERGENZA;TITOLO I - SPESE CORRENTI;TRASFERIMENTI CORRENTI;AL SETTORE PRIVATO;76860,69
2013;USO, SALVAGUARDIA E SVILUPPO DEL TERRITORIO;PROTEZIONE CIVILE ED INTERVENTI DI EMERGENZA;TITOLO II - SPESE D'INVESTIMENTO;BENI ED OPERE IMMOBILIARI;;6597023,51
2013;USO, SALVAGUARDIA E SVILUPPO DEL TERRITORIO;PROTEZIONE CIVILE ED INTERVENTI DI EMERGENZA;TITOLO II - SPESE D'INVESTIMENTO;BENI MOBILI, MACCHINE ED ATTREZZATURE TECNICO-SCIENTIFICHE;;21945,33
2013;USO, SALVAGUARDIA E SVILUPPO DEL TERRITORIO;PROTEZIONE CIVILE ED INTERVENTI DI EMERGENZA;TITOLO II - SPESE D'INVESTIMENTO;TRASFERIMENTI IN CONTO CAPITALE;AI COMUNI;13131575,47
2013;USO, SALVAGUARDIA E SVILUPPO DEL TERRITORIO;PROTEZIONE CIVILE ED INTERVENTI DI EMERGENZA;TITOLO II - SPESE D'INVESTIMENTO;TRASFERIMENTI IN CONTO CAPITALE;ALLE PROVINCE;9387104,37
2013;USO, SALVAGUARDIA E SVILUPPO DEL TERRITORIO;PROTEZIONE CIVILE ED INTERVENTI DI EMERGENZA;TITOLO II - SPESE D'INVESTIMENTO;TRASFERIMENTI IN CONTO CAPITALE;AI CONSORZI ED AZIENDE DI ENTI LOCALI E ALLE COMUNITA' MONTANE;1829652,77
2013;USO, SALVAGUARDIA E SVILUPPO DEL TERRITORIO;PROTEZIONE CIVILE ED INTERVENTI DI EMERGENZA;TITOLO II - SPESE D'INVESTIMENTO;TRASFERIMENTI IN CONTO CAPITALE;AD ALTRI ENTI DEL SETTORE PUBBLICO ALLARGATO;903799,57
2013;USO, SALVAGUARDIA E SVILUPPO DEL TERRITORIO;PROTEZIONE CIVILE ED INTERVENTI DI EMERGENZA;TITOLO II - SPESE D'INVESTIMENTO;TRASFERIMENTI IN CONTO CAPITALE;AL SETTORE PRIVATO;3363634,23
2013;TUTELA DELLA SALUTE E SOLIDARIETA' SOCIALE;POLITICHE SANITARIE;TITOLO I - SPESE CORRENTI;SPESE PER IL PERSONALE;;932520,93
2013;TUTELA DELLA SALUTE E SOLIDARIETA' SOCIALE;POLITICHE SANITARIE;TITOLO I - SPESE CORRENTI;ACQUISTO DI BENI E SERVIZI;;270991676,51
2013;TUTELA DELLA SALUTE E SOLIDARIETA' SOCIALE;POLITICHE SANITARIE;TITOLO I - SPESE CORRENTI;TRASFERIMENTI CORRENTI;ALLO STATO E AD ALTRI ENTI DEL SETTORE STATALE;0,00
2013;TUTELA DELLA SALUTE E SOLIDARIETA' SOCIALE;POLITICHE SANITARIE;TITOLO I - SPESE CORRENTI;TRASFERIMENTI CORRENTI;AI COMUNI;0,00
2013;TUTELA DELLA SALUTE E SOLIDARIETA' SOCIALE;POLITICHE SANITARIE;TITOLO I - SPESE CORRENTI;TRASFERIMENTI CORRENTI;ALLE PROVINCE;388498,13
2013;TUTELA DELLA SALUTE E SOLIDARIETA' SOCIALE;POLITICHE SANITARIE;TITOLO I - SPESE CORRENTI;TRASFERIMENTI CORRENTI;AI CONSORZI ED AZIENDE DI ENTI LOCALI E ALLE COMUNITA' MONTANE;0,00
2013;TUTELA DELLA SALUTE E SOLIDARIETA' SOCIALE;POLITICHE SANITARIE;TITOLO I - SPESE CORRENTI;TRASFERIMENTI CORRENTI;AD ALTRI ENTI DEL SETTORE PUBBLICO ALLARGATO;25000,00
2013;TUTELA DELLA SALUTE E SOLIDARIETA' SOCIALE;POLITICHE SANITARIE;TITOLO I - SPESE CORRENTI;TRASFERIMENTI CORRENTI;ALLE AZIENDE SANITARIE LOCALI;8610286296,46
2013;TUTELA DELLA SALUTE E SOLIDARIETA' SOCIALE;POLITICHE SANITARIE;TITOLO I - SPESE CORRENTI;TRASFERIMENTI CORRENTI;AL SETTORE PRIVATO;339400,29
2013;TUTELA DELLA SALUTE E SOLIDARIETA' SOCIALE;POLITICHE SANITARIE;TITOLO I - SPESE CORRENTI;ALTRE SPESE CORRENTI;;0,00
2013;TUTELA DELLA SALUTE E SOLIDARIETA' SOCIALE;POLITICHE SANITARIE;TITOLO II - SPESE D'INVESTIMENTO;BENI MOBILI, MACCHINE ED ATTREZZATURE TECNICO-SCIENTIFICHE;;1800000,00
2013;TUTELA DELLA SALUTE E SOLIDARIETA' SOCIALE;POLITICHE SANITARIE;TITOLO II - SPESE D'INVESTIMENTO;TRASFERIMENTI IN CONTO CAPITALE;ALLE PROVINCE;78716,66
2013;TUTELA DELLA SALUTE E SOLIDARIETA' SOCIALE;POLITICHE SANITARIE;TITOLO II - SPESE D'INVESTIMENTO;TRASFERIMENTI IN CONTO CAPITALE;ALLE AZIENDE SANITARIE LOCALI;154094171,20
2013;TUTELA DELLA SALUTE E SOLIDARIETA' SOCIALE;POLITICHE SANITARIE;TITOLO II - SPESE D'INVESTIMENTO;PARTECIPAZIONI AZIONARIE E CONFERIMENTI;;0,00
2013;TUTELA DELLA SALUTE E SOLIDARIETA' SOCIALE;INTERVENTI DI SOLIDARIETA' SOCIALE;TITOLO I - SPESE CORRENTI;ACQUISTO DI BENI E SERVIZI;;3753731,57
2013;TUTELA DELLA SALUTE E SOLIDARIETA' SOCIALE;INTERVENTI DI SOLIDARIETA' SOCIALE;TITOLO I - SPESE CORRENTI;TRASFERIMENTI CORRENTI;ALLO STATO E AD ALTRI ENTI DEL SETTORE STATALE;0,00
2013;TUTELA DELLA SALUTE E SOLIDARIETA' SOCIALE;INTERVENTI DI SOLIDARIETA' SOCIALE;TITOLO I - SPESE CORRENTI;TRASFERIMENTI CORRENTI;AI COMUNI;28260864,24
2013;TUTELA DELLA SALUTE E SOLIDARIETA' SOCIALE;INTERVENTI DI SOLIDARIETA' SOCIALE;TITOLO I - SPESE CORRENTI;TRASFERIMENTI CORRENTI;ALLE PROVINCE;1420696,18
2013;TUTELA DELLA SALUTE E SOLIDARIETA' SOCIALE;INTERVENTI DI SOLIDARIETA' SOCIALE;TITOLO I - SPESE CORRENTI;TRASFERIMENTI CORRENTI;AD ALTRI ENTI DEL SETTORE PUBBLICO ALLARGATO;1352427,55
2013;TUTELA DELLA SALUTE E SOLIDARIETA' SOCIALE;INTERVENTI DI SOLIDARIETA' SOCIALE;TITOLO I - SPESE CORRENTI;TRASFERIMENTI CORRENTI;ALLE AZIENDE SANITARIE LOCALI;407475,74
2013;TUTELA DELLA SALUTE E SOLIDARIETA' SOCIALE;INTERVENTI DI SOLIDARIETA' SOCIALE;TITOLO I - SPESE CORRENTI;TRASFERIMENTI CORRENTI;AL SETTORE PRIVATO;1374311,87
2013;TUTELA DELLA SALUTE E SOLIDARIETA' SOCIALE;INTERVENTI DI SOLIDARIETA' SOCIALE;TITOLO II - SPESE D'INVESTIMENTO;TRASFERIMENTI IN CONTO CAPITALE;AI COMUNI;19414350,39
2013;TUTELA DELLA SALUTE E SOLIDARIETA' SOCIALE;INTERVENTI DI SOLIDARIETA' SOCIALE;TITOLO II - SPESE D'INVESTIMENTO;TRASFERIMENTI IN CONTO CAPITALE;AL SETTORE PRIVATO;6541640,22
2013;ISTRUZIONE, ATTIVITA' FORMATIVE, CULTURALI, SPORTIVE E RICREATIVE;ISTRUZIONE PRESCOLASTICA;TITOLO I - SPESE CORRENTI;ACQUISTO DI BENI E SERVIZI;;178500,00
2013;ISTRUZIONE, ATTIVITA' FORMATIVE, CULTURALI, SPORTIVE E RICREATIVE;ISTRUZIONE PRESCOLASTICA;TITOLO I - SPESE CORRENTI;TRASFERIMENTI CORRENTI;AI COMUNI;0,00
2013;ISTRUZIONE, ATTIVITA' FORMATIVE, CULTURALI, SPORTIVE E RICREATIVE;ISTRUZIONE PRESCOLASTICA;TITOLO I - SPESE CORRENTI;TRASFERIMENTI CORRENTI;ALLE PROVINCE;11276000,00
2013;ISTRUZIONE, ATTIVITA' FORMATIVE, CULTURALI, SPORTIVE E RICREATIVE;ISTRUZIONE PRESCOLASTICA;TITOLO I - SPESE CORRENTI;TRASFERIMENTI CORRENTI;AL SETTORE PRIVATO;0,00
2013;ISTRUZIONE, ATTIVITA' FORMATIVE, CULTURALI, SPORTIVE E RICREATIVE;ISTRUZIONE PRESCOLASTICA;TITOLO II - SPESE D'INVESTIMENTO;TRASFERIMENTI IN CONTO CAPITALE;ALLE PROVINCE;0,00
2013;ISTRUZIONE, ATTIVITA' FORMATIVE, CULTURALI, SPORTIVE E RICREATIVE;ISTRUZIONE SCOLASTICA;TITOLO I - SPESE CORRENTI;ACQUISTO DI BENI E SERVIZI;;234,37
2013;ISTRUZIONE, ATTIVITA' FORMATIVE, CULTURALI, SPORTIVE E RICREATIVE;ISTRUZIONE SCOLASTICA;TITOLO I - SPESE CORRENTI;TRASFERIMENTI CORRENTI;ALLE PROVINCE;7000000,00
2013;ISTRUZIONE, ATTIVITA' FORMATIVE, CULTURALI, SPORTIVE E RICREATIVE;ISTRUZIONE SCOLASTICA;TITOLO I - SPESE CORRENTI;TRASFERIMENTI CORRENTI;AL SETTORE PRIVATO;0,00
2013;ISTRUZIONE, ATTIVITA' FORMATIVE, CULTURALI, SPORTIVE E RICREATIVE;ISTRUZIONE SCOLASTICA;TITOLO II - SPESE D'INVESTIMENTO;TRASFERIMENTI IN CONTO CAPITALE;AI COMUNI;2543274,80
2013;ISTRUZIONE, ATTIVITA' FORMATIVE, CULTURALI, SPORTIVE E RICREATIVE;ISTRUZIONE SCOLASTICA;TITOLO II - SPESE D'INVESTIMENTO;TRASFERIMENTI IN CONTO CAPITALE;ALLE PROVINCE;0,00
2013;ISTRUZIONE, ATTIVITA' FORMATIVE, CULTURALI, SPORTIVE E RICREATIVE;ISTRUZIONE SUPERIORE E UNIVERSITARIA;TITOLO I - SPESE CORRENTI;ACQUISTO DI BENI E SERVIZI;;0,00
2013;ISTRUZIONE, ATTIVITA' FORMATIVE, CULTURALI, SPORTIVE E RICREATIVE;ISTRUZIONE SUPERIORE E UNIVERSITARIA;TITOLO I - SPESE CORRENTI;TRASFERIMENTI CORRENTI;AI COMUNI;3253147,00
2013;ISTRUZIONE, ATTIVITA' FORMATIVE, CULTURALI, SPORTIVE E RICREATIVE;ISTRUZIONE SUPERIORE E UNIVERSITARIA;TITOLO I - SPESE CORRENTI;TRASFERIMENTI CORRENTI;ALLE PROVINCE;0,00
2013;ISTRUZIONE, ATTIVITA' FORMATIVE, CULTURALI, SPORTIVE E RICREATIVE;ISTRUZIONE SUPERIORE E UNIVERSITARIA;TITOLO I - SPESE CORRENTI;TRASFERIMENTI CORRENTI;AI CONSORZI ED AZIENDE DI ENTI LOCALI E ALLE COMUNITA' MONTANE;43125000,00
2013;ISTRUZIONE, ATTIVITA' FORMATIVE, CULTURALI, SPORTIVE E RICREATIVE;ISTRUZIONE SUPERIORE E UNIVERSITARIA;TITOLO I - SPESE CORRENTI;TRASFERIMENTI CORRENTI;AL SETTORE PRIVATO;150000,00
2013;ISTRUZIONE, ATTIVITA' FORMATIVE, CULTURALI, SPORTIVE E RICREATIVE;ISTRUZIONE SUPERIORE E UNIVERSITARIA;TITOLO II - SPESE D'INVESTIMENTO;TRASFERIMENTI IN CONTO CAPITALE;AI COMUNI;1636720,29
2013;ISTRUZIONE, ATTIVITA' FORMATIVE, CULTURALI, SPORTIVE E RICREATIVE;ISTRUZIONE SUPERIORE E UNIVERSITARIA;TITOLO II - SPESE D'INVESTIMENTO;TRASFERIMENTI IN CONTO CAPITALE;AI CONSORZI ED AZIENDE DI ENTI LOCALI E ALLE COMUNITA' MONTANE;0,00
2013;ISTRUZIONE, ATTIVITA' FORMATIVE, CULTURALI, SPORTIVE E RICREATIVE;FORMAZIONE ALLE PROFESSIONI E SOSTEGNO DELL'OCCUPAZIONE;TITOLO I - SPESE CORRENTI;ACQUISTO DI BENI E SERVIZI;;47824418,15
2013;ISTRUZIONE, ATTIVITA' FORMATIVE, CULTURALI, SPORTIVE E RICREATIVE;FORMAZIONE ALLE PROFESSIONI E SOSTEGNO DELL'OCCUPAZIONE;TITOLO I - SPESE CORRENTI;TRASFERIMENTI CORRENTI;ALLO STATO E AD ALTRI ENTI DEL SETTORE STATALE;9384755,30
2013;ISTRUZIONE, ATTIVITA' FORMATIVE, CULTURALI, SPORTIVE E RICREATIVE;FORMAZIONE ALLE PROFESSIONI E SOSTEGNO DELL'OCCUPAZIONE;TITOLO I - SPESE CORRENTI;TRASFERIMENTI CORRENTI;AI COMUNI;38375,86
2013;ISTRUZIONE, ATTIVITA' FORMATIVE, CULTURALI, SPORTIVE E RICREATIVE;FORMAZIONE ALLE PROFESSIONI E SOSTEGNO DELL'OCCUPAZIONE;TITOLO I - SPESE CORRENTI;TRASFERIMENTI CORRENTI;ALLE PROVINCE;135266468,08
2013;ISTRUZIONE, ATTIVITA' FORMATIVE, CULTURALI, SPORTIVE E RICREATIVE;FORMAZIONE ALLE PROFESSIONI E SOSTEGNO DELL'OCCUPAZIONE;TITOLO I - SPESE CORRENTI;TRASFERIMENTI CORRENTI;AI CONSORZI ED AZIENDE DI ENTI LOCALI E ALLE COMUNITA' MONTANE;0,00
2013;ISTRUZIONE, ATTIVITA' FORMATIVE, CULTURALI, SPORTIVE E RICREATIVE;FORMAZIONE ALLE PROFESSIONI E SOSTEGNO DELL'OCCUPAZIONE;TITOLO I - SPESE CORRENTI;TRASFERIMENTI CORRENTI;AD ALTRI ENTI DEL SETTORE PUBBLICO ALLARGATO;0,00
2013;ISTRUZIONE, ATTIVITA' FORMATIVE, CULTURALI, SPORTIVE E RICREATIVE;FORMAZIONE ALLE PROFESSIONI E SOSTEGNO DELL'OCCUPAZIONE;TITOLO I - SPESE CORRENTI;TRASFERIMENTI CORRENTI;AL SETTORE PRIVATO;132827498,91
2013;ISTRUZIONE, ATTIVITA' FORMATIVE, CULTURALI, SPORTIVE E RICREATIVE;FORMAZIONE ALLE PROFESSIONI E SOSTEGNO DELL'OCCUPAZIONE;TITOLO II - SPESE D'INVESTIMENTO;TRASFERIMENTI IN CONTO CAPITALE;AI COMUNI;0,00
2013;ISTRUZIONE, ATTIVITA' FORMATIVE, CULTURALI, SPORTIVE E RICREATIVE;ATTIVITA' CULTURALI;TITOLO I - SPESE CORRENTI;ACQUISTO DI BENI E SERVIZI;;1597000,00
2013;ISTRUZIONE, ATTIVITA' FORMATIVE, CULTURALI, SPORTIVE E RICREATIVE;ATTIVITA' CULTURALI;TITOLO I - SPESE CORRENTI;TRASFERIMENTI CORRENTI;AI COMUNI;513955,00
2013;ISTRUZIONE, ATTIVITA' FORMATIVE, CULTURALI, SPORTIVE E RICREATIVE;ATTIVITA' CULTURALI;TITOLO I - SPESE CORRENTI;TRASFERIMENTI CORRENTI;ALLE PROVINCE;3590500,00
2013;ISTRUZIONE, ATTIVITA' FORMATIVE, CULTURALI, SPORTIVE E RICREATIVE;ATTIVITA' CULTURALI;TITOLO I - SPESE CORRENTI;TRASFERIMENTI CORRENTI;AI CONSORZI ED AZIENDE DI ENTI LOCALI E ALLE COMUNITA' MONTANE;3000000,00
2013;ISTRUZIONE, ATTIVITA' FORMATIVE, CULTURALI, SPORTIVE E RICREATIVE;ATTIVITA' CULTURALI;TITOLO I - SPESE CORRENTI;TRASFERIMENTI CORRENTI;AL SETTORE PRIVATO;11749845,00
2013;ISTRUZIONE, ATTIVITA' FORMATIVE, CULTURALI, SPORTIVE E RICREATIVE;ATTIVITA' CULTURALI;TITOLO II - SPESE D'INVESTIMENTO;BENI ED OPERE IMMOBILIARI;;0,00
2013;ISTRUZIONE, ATTIVITA' FORMATIVE, CULTURALI, SPORTIVE E RICREATIVE;ATTIVITA' CULTURALI;TITOLO II - SPESE D'INVESTIMENTO;BENI MOBILI, MACCHINE ED ATTREZZATURE TECNICO-SCIENTIFICHE;;0,00
2013;ISTRUZIONE, ATTIVITA' FORMATIVE, CULTURALI, SPORTIVE E RICREATIVE;ATTIVITA' CULTURALI;TITOLO II - SPESE D'INVESTIMENTO;TRASFERIMENTI IN CONTO CAPITALE;AI COMUNI;15737781,97
2013;ISTRUZIONE, ATTIVITA' FORMATIVE, CULTURALI, SPORTIVE E RICREATIVE;ATTIVITA' CULTURALI;TITOLO II - SPESE D'INVESTIMENTO;TRASFERIMENTI IN CONTO CAPITALE;ALLE PROVINCE;513,64
2013;ISTRUZIONE, ATTIVITA' FORMATIVE, CULTURALI, SPORTIVE E RICREATIVE;ATTIVITA' CULTURALI;TITOLO II - SPESE D'INVESTIMENTO;TRASFERIMENTI IN CONTO CAPITALE;AI CONSORZI ED AZIENDE DI ENTI LOCALI E ALLE COMUNITA' MONTANE;0,00
2013;ISTRUZIONE, ATTIVITA' FORMATIVE, CULTURALI, SPORTIVE E RICREATIVE;ATTIVITA' CULTURALI;TITOLO II - SPESE D'INVESTIMENTO;TRASFERIMENTI IN CONTO CAPITALE;AL SETTORE PRIVATO;0,00
2013;ISTRUZIONE, ATTIVITA' FORMATIVE, CULTURALI, SPORTIVE E RICREATIVE;PROMOZIONE DELLO SPORT E DELLE ATTIVITA' RICREATIVE;TITOLO I - SPESE CORRENTI;ACQUISTO DI BENI E SERVIZI;;25000,00
2013;ISTRUZIONE, ATTIVITA' FORMATIVE, CULTURALI, SPORTIVE E RICREATIVE;PROMOZIONE DELLO SPORT E DELLE ATTIVITA' RICREATIVE;TITOLO I - SPESE CORRENTI;TRASFERIMENTI CORRENTI;ALLE PROVINCE;150000,00
2013;ISTRUZIONE, ATTIVITA' FORMATIVE, CULTURALI, SPORTIVE E RICREATIVE;PROMOZIONE DELLO SPORT E DELLE ATTIVITA' RICREATIVE;TITOLO I - SPESE CORRENTI;TRASFERIMENTI CORRENTI;AL SETTORE PRIVATO;130000,00
2013;ISTRUZIONE, ATTIVITA' FORMATIVE, CULTURALI, SPORTIVE E RICREATIVE;PROMOZIONE DELLO SPORT E DELLE ATTIVITA' RICREATIVE;TITOLO II - SPESE D'INVESTIMENTO;TRASFERIMENTI IN CONTO CAPITALE;AI COMUNI;1270000,00
2013;ISTRUZIONE, ATTIVITA' FORMATIVE, CULTURALI, SPORTIVE E RICREATIVE;PROMOZIONE DELLO SPORT E DELLE ATTIVITA' RICREATIVE;TITOLO II - SPESE D'INVESTIMENTO;TRASFERIMENTI IN CONTO CAPITALE;ALLE PROVINCE;3327359,95
2013;ONERI GENERALI NON ATTRIBUIBILI;FONDI  DI RISERVA;TITOLO I - SPESE CORRENTI;SOMME NON ATTRIBUIBILI         ;;23769230,61
2013;ONERI GENERALI NON ATTRIBUIBILI;FONDI SPECIALI;TITOLO I - SPESE CORRENTI;SOMME NON ATTRIBUIBILI         ;;37346735,65
2013;ONERI GENERALI NON ATTRIBUIBILI;FONDI SPECIALI;TITOLO II - SPESE D'INVESTIMENTO;SOMME NON ATTRIBUIBILI         ;;337234118,21
2013;ONERI GENERALI NON ATTRIBUIBILI;ONERI VARI NON RIPARTIBILI;TITOLO I - SPESE CORRENTI;TRASFERIMENTI CORRENTI;ALLO STATO E AD ALTRI ENTI DEL SETTORE STATALE;153432755,46
2013;ONERI GENERALI NON ATTRIBUIBILI;ONERI VARI NON RIPARTIBILI;TITOLO I - SPESE CORRENTI;INTERESSI PASSIVI;;16146106,14
2013;ONERI GENERALI NON ATTRIBUIBILI;ONERI VARI NON RIPARTIBILI;TITOLO I - SPESE CORRENTI;ALTRE SPESE CORRENTI;;446889688,65
2013;ONERI GENERALI NON ATTRIBUIBILI;ONERI VARI NON RIPARTIBILI;TITOLO I - SPESE CORRENTI;SOMME NON ATTRIBUIBILI         ;;56103297,38
2013;ONERI GENERALI NON ATTRIBUIBILI;ONERI VARI NON RIPARTIBILI;TITOLO II - SPESE D'INVESTIMENTO;TRASFERIMENTI IN CONTO CAPITALE;AI COMUNI;186520,10
2013;ONERI GENERALI NON ATTRIBUIBILI;ONERI VARI NON RIPARTIBILI;TITOLO II - SPESE D'INVESTIMENTO;TRASFERIMENTI IN CONTO CAPITALE;AL SETTORE PRIVATO;19189000,00
2013;ONERI GENERALI NON ATTRIBUIBILI;ONERI VARI NON RIPARTIBILI;TITOLO II - SPESE D'INVESTIMENTO;SOMME NON ATTRIBUIBILI         ;;224413189,53
2013;ONERI GENERALI NON ATTRIBUIBILI;RIMBORSO DEI PRESTITI;TITOLO I - SPESE CORRENTI;INTERESSI PASSIVI;;103845510,13
2013;ONERI GENERALI NON ATTRIBUIBILI;RIMBORSO DEI PRESTITI;TITOLO III - SPESE PER IL RIMBORSO DI MUTUI E PRESTITI;MUTUI         ;;122663314,04
2013;ONERI GENERALI NON ATTRIBUIBILI;RIMBORSO DEI PRESTITI;TITOLO III - SPESE PER IL RIMBORSO DI MUTUI E PRESTITI;OBBLIGAZIONI         ;;10619537,94
2013;ONERI GENERALI NON ATTRIBUIBILI;RIMBORSO DEI PRESTITI;TITOLO III - SPESE PER IL RIMBORSO DI MUTUI E PRESTITI;ANTICIPAZIONI ED ALTRE OPERAZIONI DI CREDITO A BREVE TERMINE        ;;0,00
2013;ONERI GENERALI NON ATTRIBUIBILI;FONDI DI GARANZIA;TITOLO II - SPESE D'INVESTIMENTO;CONCESSIONI DI CREDITI ED ANTICIPAZIONI;;2502540,97
2014;ORGANI ISTITUZIONALI;ORGANI LEGISLATIVI, ESECUTIVI E DI CONTROLLO;TITOLO I - SPESE CORRENTI;SERVIZI DEGLI ORGANI COSTITUZIONALI DELLA REGIONE         ;;33302828,94
2014;ORGANI ISTITUZIONALI;ORGANI LEGISLATIVI, ESECUTIVI E DI CONTROLLO;TITOLO I - SPESE CORRENTI;ACQUISTO DI BENI E SERVIZI;;50000,00
2014;AFFARI GENERALI;AMMINISTRAZIONE REGIONALE;TITOLO I - SPESE CORRENTI;SPESE PER IL PERSONALE;;139906188,18
2014;AFFARI GENERALI;AMMINISTRAZIONE REGIONALE;TITOLO I - SPESE CORRENTI;ACQUISTO DI BENI E SERVIZI;;83501008,97
2014;AFFARI GENERALI;AMMINISTRAZIONE REGIONALE;TITOLO I - SPESE CORRENTI;IMPOSTE E TASSE         ;;12726760,17
2014;AFFARI GENERALI;AMMINISTRAZIONE REGIONALE;TITOLO I - SPESE CORRENTI;TRASFERIMENTI CORRENTI;ALLO STATO E AD ALTRI ENTI DEL SETTORE STATALE;12000,00
2014;AFFARI GENERALI;AMMINISTRAZIONE REGIONALE;TITOLO I - SPESE CORRENTI;TRASFERIMENTI CORRENTI;AI COMUNI;150000,00
2014;AFFARI GENERALI;AMMINISTRAZIONE REGIONALE;TITOLO I - SPESE CORRENTI;TRASFERIMENTI CORRENTI;ALLE PROVINCE;0,00
2014;AFFARI GENERALI;AMMINISTRAZIONE REGIONALE;TITOLO I - SPESE CORRENTI;TRASFERIMENTI CORRENTI;AI CONSORZI ED AZIENDE DI ENTI LOCALI E ALLE COMUNITA' MONTANE;1500000,00
2014;AFFARI GENERALI;AMMINISTRAZIONE REGIONALE;TITOLO I - SPESE CORRENTI;TRASFERIMENTI CORRENTI;AD ALTRI ENTI DEL SETTORE PUBBLICO ALLARGATO;0,00
2014;AFFARI GENERALI;AMMINISTRAZIONE REGIONALE;TITOLO I - SPESE CORRENTI;TRASFERIMENTI CORRENTI;AL SETTORE PRIVATO;100060,00
2014;AFFARI GENERALI;AMMINISTRAZIONE REGIONALE;TITOLO I - SPESE CORRENTI;INTERESSI PASSIVI;;210000,00
2014;AFFARI GENERALI;AMMINISTRAZIONE REGIONALE;TITOLO I - SPESE CORRENTI;ALTRE SPESE CORRENTI;;2117000,00
2014;AFFARI GENERALI;AMMINISTRAZIONE REGIONALE;TITOLO I - SPESE CORRENTI;SOMME NON ATTRIBUIBILI         ;;310000,00
2014;AFFARI GENERALI;AMMINISTRAZIONE REGIONALE;TITOLO II - SPESE D'INVESTIMENTO;BENI ED OPERE IMMOBILIARI;;28226337,40
2014;AFFARI GENERALI;AMMINISTRAZIONE REGIONALE;TITOLO II - SPESE D'INVESTIMENTO;BENI MOBILI, MACCHINE ED ATTREZZATURE TECNICO-SCIENTIFICHE;;11318001,97
2014;AFFARI GENERALI;AMMINISTRAZIONE REGIONALE;TITOLO II - SPESE D'INVESTIMENTO;TRASFERIMENTI IN CONTO CAPITALE;AI COMUNI;290000,00
2014;AFFARI GENERALI;AUTONOMIE LOCALI - ESERCIZIO DELLE FUNZIONI DELEGATE;TITOLO I - SPESE CORRENTI;TRASFERIMENTI CORRENTI;AI COMUNI;26113699,54
2014;AFFARI GENERALI;AUTONOMIE LOCALI - ESERCIZIO DELLE FUNZIONI DELEGATE;TITOLO I - SPESE CORRENTI;TRASFERIMENTI CORRENTI;ALLE PROVINCE;11577735,91
2014;AFFARI GENERALI;AUTONOMIE LOCALI - ESERCIZIO DELLE FUNZIONI DELEGATE;TITOLO I - SPESE CORRENTI;TRASFERIMENTI CORRENTI;AI CONSORZI ED AZIENDE DI ENTI LOCALI E ALLE COMUNITA' MONTANE;0,00
2014;AFFARI GENERALI;AUTONOMIE LOCALI - ESERCIZIO DELLE FUNZIONI DELEGATE;TITOLO I - SPESE CORRENTI;TRASFERIMENTI CORRENTI;AD ALTRI ENTI DEL SETTORE PUBBLICO ALLARGATO;10736834,55
2014;AFFARI GENERALI;AUTONOMIE LOCALI - ESERCIZIO DELLE FUNZIONI DELEGATE;TITOLO II - SPESE D'INVESTIMENTO;TRASFERIMENTI IN CONTO CAPITALE;AI COMUNI;811000,00
2014;AFFARI GENERALI;AUTONOMIE LOCALI - ESERCIZIO DELLE FUNZIONI DELEGATE;TITOLO II - SPESE D'INVESTIMENTO;TRASFERIMENTI IN CONTO CAPITALE;AI CONSORZI ED AZIENDE DI ENTI LOCALI E ALLE COMUNITA' MONTANE;10150587,38
2014;AFFARI GENERALI;AUTONOMIE LOCALI - ESERCIZIO DELLE FUNZIONI DELEGATE;TITOLO II - SPESE D'INVESTIMENTO;TRASFERIMENTI IN CONTO CAPITALE;AD ALTRI ENTI DEL SETTORE PUBBLICO ALLARGATO;0,00
2014;AFFARI GENERALI;ALTRI INTERVENTI GENERALI;TITOLO I - SPESE CORRENTI;ACQUISTO DI BENI E SERVIZI;;4888266,56
2014;AFFARI GENERALI;ALTRI INTERVENTI GENERALI;TITOLO I - SPESE CORRENTI;TRASFERIMENTI CORRENTI;ALLO STATO E AD ALTRI ENTI DEL SETTORE STATALE;0,00
2014;AFFARI GENERALI;ALTRI INTERVENTI GENERALI;TITOLO I - SPESE CORRENTI;TRASFERIMENTI CORRENTI;AI COMUNI;1110000,00
2014;AFFARI GENERALI;ALTRI INTERVENTI GENERALI;TITOLO I - SPESE CORRENTI;TRASFERIMENTI CORRENTI;ALLE PROVINCE;100000,00
2014;AFFARI GENERALI;ALTRI INTERVENTI GENERALI;TITOLO I - SPESE CORRENTI;TRASFERIMENTI CORRENTI;AD ALTRI ENTI DEL SETTORE PUBBLICO ALLARGATO;281000,00
2014;AFFARI GENERALI;ALTRI INTERVENTI GENERALI;TITOLO I - SPESE CORRENTI;TRASFERIMENTI CORRENTI;AL SETTORE PRIVATO;4000880,00
2014;AFFARI GENERALI;ALTRI INTERVENTI GENERALI;TITOLO II - SPESE D'INVESTIMENTO;BENI MOBILI, MACCHINE ED ATTREZZATURE TECNICO-SCIENTIFICHE;;252890,15
2014;AFFARI GENERALI;ALTRI INTERVENTI GENERALI;TITOLO II - SPESE D'INVESTIMENTO;TRASFERIMENTI IN CONTO CAPITALE;ALLO STATO E AD ALTRI ENTI DEL SETTORE STATALE;0,00
2014;AFFARI GENERALI;ALTRI INTERVENTI GENERALI;TITOLO II - SPESE D'INVESTIMENTO;TRASFERIMENTI IN CONTO CAPITALE;AI COMUNI;2377256,36
2014;AFFARI GENERALI;ALTRI INTERVENTI GENERALI;TITOLO II - SPESE D'INVESTIMENTO;PARTECIPAZIONI AZIONARIE E CONFERIMENTI;;0,00
2014;INTERVENTI PER LO SVILUPPO ECONOMICO;AGRICOLTURA;TITOLO I - SPESE CORRENTI;SPESE PER IL PERSONALE;;0,00
2014;INTERVENTI PER LO SVILUPPO ECONOMICO;AGRICOLTURA;TITOLO I - SPESE CORRENTI;ACQUISTO DI BENI E SERVIZI;;3426934,24
2014;INTERVENTI PER LO SVILUPPO ECONOMICO;AGRICOLTURA;TITOLO I - SPESE CORRENTI;TRASFERIMENTI CORRENTI;ALLO STATO E AD ALTRI ENTI DEL SETTORE STATALE;171200,00
2014;INTERVENTI PER LO SVILUPPO ECONOMICO;AGRICOLTURA;TITOLO I - SPESE CORRENTI;TRASFERIMENTI CORRENTI;AI COMUNI;50000,00
2014;INTERVENTI PER LO SVILUPPO ECONOMICO;AGRICOLTURA;TITOLO I - SPESE CORRENTI;TRASFERIMENTI CORRENTI;ALLE PROVINCE;151539,76
2014;INTERVENTI PER LO SVILUPPO ECONOMICO;AGRICOLTURA;TITOLO I - SPESE CORRENTI;TRASFERIMENTI CORRENTI;AI CONSORZI ED AZIENDE DI ENTI LOCALI E ALLE COMUNITA' MONTANE;780670,00
2014;INTERVENTI PER LO SVILUPPO ECONOMICO;AGRICOLTURA;TITOLO I - SPESE CORRENTI;TRASFERIMENTI CORRENTI;AD ALTRI ENTI DEL SETTORE PUBBLICO ALLARGATO;0,00
2014;INTERVENTI PER LO SVILUPPO ECONOMICO;AGRICOLTURA;TITOLO I - SPESE CORRENTI;TRASFERIMENTI CORRENTI;AL SETTORE PRIVATO;5380292,06
2014;INTERVENTI PER LO SVILUPPO ECONOMICO;AGRICOLTURA;TITOLO II - SPESE D'INVESTIMENTO;BENI ED OPERE IMMOBILIARI;;2631606,28
2014;INTERVENTI PER LO SVILUPPO ECONOMICO;AGRICOLTURA;TITOLO II - SPESE D'INVESTIMENTO;BENI MOBILI, MACCHINE ED ATTREZZATURE TECNICO-SCIENTIFICHE;;40000,00
2014;INTERVENTI PER LO SVILUPPO ECONOMICO;AGRICOLTURA;TITOLO II - SPESE D'INVESTIMENTO;TRASFERIMENTI IN CONTO CAPITALE;AI COMUNI;700000,00
2014;INTERVENTI PER LO SVILUPPO ECONOMICO;AGRICOLTURA;TITOLO II - SPESE D'INVESTIMENTO;TRASFERIMENTI IN CONTO CAPITALE;ALLE PROVINCE;50270,15
2014;INTERVENTI PER LO SVILUPPO ECONOMICO;AGRICOLTURA;TITOLO II - SPESE D'INVESTIMENTO;TRASFERIMENTI IN CONTO CAPITALE;AI CONSORZI ED AZIENDE DI ENTI LOCALI E ALLE COMUNITA' MONTANE;7940000,00
2014;INTERVENTI PER LO SVILUPPO ECONOMICO;AGRICOLTURA;TITOLO II - SPESE D'INVESTIMENTO;TRASFERIMENTI IN CONTO CAPITALE;AD ALTRI ENTI DEL SETTORE PUBBLICO ALLARGATO;100000,00
2014;INTERVENTI PER LO SVILUPPO ECONOMICO;AGRICOLTURA;TITOLO II - SPESE D'INVESTIMENTO;TRASFERIMENTI IN CONTO CAPITALE;AL SETTORE PRIVATO;13819066,66
2014;INTERVENTI PER LO SVILUPPO ECONOMICO;INDUSTRIA - COOPERAZIONE - ARTIGIANATO E PROBLEMI DEL LAVORO;TITOLO I - SPESE CORRENTI;ACQUISTO DI BENI E SERVIZI;;16989233,93
2014;INTERVENTI PER LO SVILUPPO ECONOMICO;INDUSTRIA - COOPERAZIONE - ARTIGIANATO E PROBLEMI DEL LAVORO;TITOLO I - SPESE CORRENTI;TRASFERIMENTI CORRENTI;ALLO STATO E AD ALTRI ENTI DEL SETTORE STATALE;0,00
2014;INTERVENTI PER LO SVILUPPO ECONOMICO;INDUSTRIA - COOPERAZIONE - ARTIGIANATO E PROBLEMI DEL LAVORO;TITOLO I - SPESE CORRENTI;TRASFERIMENTI CORRENTI;AI COMUNI;600000,00
2014;INTERVENTI PER LO SVILUPPO ECONOMICO;INDUSTRIA - COOPERAZIONE - ARTIGIANATO E PROBLEMI DEL LAVORO;TITOLO I - SPESE CORRENTI;TRASFERIMENTI CORRENTI;ALLE PROVINCE;3488759,00
2014;INTERVENTI PER LO SVILUPPO ECONOMICO;INDUSTRIA - COOPERAZIONE - ARTIGIANATO E PROBLEMI DEL LAVORO;TITOLO I - SPESE CORRENTI;TRASFERIMENTI CORRENTI;AD ALTRI ENTI DEL SETTORE PUBBLICO ALLARGATO;1617441,11
2014;INTERVENTI PER LO SVILUPPO ECONOMICO;INDUSTRIA - COOPERAZIONE - ARTIGIANATO E PROBLEMI DEL LAVORO;TITOLO I - SPESE CORRENTI;TRASFERIMENTI CORRENTI;AL SETTORE PRIVATO;38773820,95
2014;INTERVENTI PER LO SVILUPPO ECONOMICO;INDUSTRIA - COOPERAZIONE - ARTIGIANATO E PROBLEMI DEL LAVORO;TITOLO II - SPESE D'INVESTIMENTO;BENI ED OPERE IMMOBILIARI;;39537321,91
2014;INTERVENTI PER LO SVILUPPO ECONOMICO;INDUSTRIA - COOPERAZIONE - ARTIGIANATO E PROBLEMI DEL LAVORO;TITOLO II - SPESE D'INVESTIMENTO;BENI MOBILI, MACCHINE ED ATTREZZATURE TECNICO-SCIENTIFICHE;;0,00
2014;INTERVENTI PER LO SVILUPPO ECONOMICO;INDUSTRIA - COOPERAZIONE - ARTIGIANATO E PROBLEMI DEL LAVORO;TITOLO II - SPESE D'INVESTIMENTO;TRASFERIMENTI IN CONTO CAPITALE;ALLO STATO E AD ALTRI ENTI DEL SETTORE STATALE;47695,65
2014;INTERVENTI PER LO SVILUPPO ECONOMICO;INDUSTRIA - COOPERAZIONE - ARTIGIANATO E PROBLEMI DEL LAVORO;TITOLO II - SPESE D'INVESTIMENTO;TRASFERIMENTI IN CONTO CAPITALE;AI COMUNI;22561481,70
2014;INTERVENTI PER LO SVILUPPO ECONOMICO;INDUSTRIA - COOPERAZIONE - ARTIGIANATO E PROBLEMI DEL LAVORO;TITOLO II - SPESE D'INVESTIMENTO;TRASFERIMENTI IN CONTO CAPITALE;ALLE PROVINCE;39925355,53
2014;INTERVENTI PER LO SVILUPPO ECONOMICO;INDUSTRIA - COOPERAZIONE - ARTIGIANATO E PROBLEMI DEL LAVORO;TITOLO II - SPESE D'INVESTIMENTO;TRASFERIMENTI IN CONTO CAPITALE;AD ALTRI ENTI DEL SETTORE PUBBLICO ALLARGATO;13554512,60
2014;INTERVENTI PER LO SVILUPPO ECONOMICO;INDUSTRIA - COOPERAZIONE - ARTIGIANATO E PROBLEMI DEL LAVORO;TITOLO II - SPESE D'INVESTIMENTO;TRASFERIMENTI IN CONTO CAPITALE;AL SETTORE PRIVATO;107871379,73
2014;INTERVENTI PER LO SVILUPPO ECONOMICO;INDUSTRIA - COOPERAZIONE - ARTIGIANATO E PROBLEMI DEL LAVORO;TITOLO II - SPESE D'INVESTIMENTO;PARTECIPAZIONI AZIONARIE E CONFERIMENTI;;530731,74
2014;INTERVENTI PER LO SVILUPPO ECONOMICO;TURISMO;TITOLO I - SPESE CORRENTI;ACQUISTO DI BENI E SERVIZI;;10305581,13
2014;INTERVENTI PER LO SVILUPPO ECONOMICO;TURISMO;TITOLO I - SPESE CORRENTI;TRASFERIMENTI CORRENTI;AI COMUNI;695500,00
2014;INTERVENTI PER LO SVILUPPO ECONOMICO;TURISMO;TITOLO I - SPESE CORRENTI;TRASFERIMENTI CORRENTI;ALLE PROVINCE;3150000,00
2014;INTERVENTI PER LO SVILUPPO ECONOMICO;TURISMO;TITOLO I - SPESE CORRENTI;TRASFERIMENTI CORRENTI;AI CONSORZI ED AZIENDE DI ENTI LOCALI E ALLE COMUNITA' MONTANE;74937,00
2014;INTERVENTI PER LO SVILUPPO ECONOMICO;TURISMO;TITOLO I - SPESE CORRENTI;TRASFERIMENTI CORRENTI;AD ALTRI ENTI DEL SETTORE PUBBLICO ALLARGATO;0,00
2014;INTERVENTI PER LO SVILUPPO ECONOMICO;TURISMO;TITOLO I - SPESE CORRENTI;TRASFERIMENTI CORRENTI;AL SETTORE PRIVATO;5715100,00
2014;INTERVENTI PER LO SVILUPPO ECONOMICO;TURISMO;TITOLO II - SPESE D'INVESTIMENTO;TRASFERIMENTI IN CONTO CAPITALE;AI COMUNI;3748599,13
2014;INTERVENTI PER LO SVILUPPO ECONOMICO;TURISMO;TITOLO II - SPESE D'INVESTIMENTO;TRASFERIMENTI IN CONTO CAPITALE;ALLE PROVINCE;26198,68
2014;INTERVENTI PER LO SVILUPPO ECONOMICO;TURISMO;TITOLO II - SPESE D'INVESTIMENTO;TRASFERIMENTI IN CONTO CAPITALE;AL SETTORE PRIVATO;5500000,00
2014;INTERVENTI PER LO SVILUPPO ECONOMICO;TURISMO;TITOLO II - SPESE D'INVESTIMENTO;PARTECIPAZIONI AZIONARIE E CONFERIMENTI;;0,00
2014;INTERVENTI PER LO SVILUPPO ECONOMICO;COMMERCIO;TITOLO I - SPESE CORRENTI;ACQUISTO DI BENI E SERVIZI;;404385,03
2014;INTERVENTI PER LO SVILUPPO ECONOMICO;COMMERCIO;TITOLO I - SPESE CORRENTI;TRASFERIMENTI CORRENTI;ALLE PROVINCE;1000000,00
2014;INTERVENTI PER LO SVILUPPO ECONOMICO;COMMERCIO;TITOLO I - SPESE CORRENTI;TRASFERIMENTI CORRENTI;AL SETTORE PRIVATO;620000,00
2014;INTERVENTI PER LO SVILUPPO ECONOMICO;COMMERCIO;TITOLO II - SPESE D'INVESTIMENTO;TRASFERIMENTI IN CONTO CAPITALE;ALLE PROVINCE;0,00
2014;INTERVENTI PER LO SVILUPPO ECONOMICO;COMMERCIO;TITOLO II - SPESE D'INVESTIMENTO;TRASFERIMENTI IN CONTO CAPITALE;AL SETTORE PRIVATO;3030000,00
2014;INTERVENTI PER LO SVILUPPO ECONOMICO;COMMERCIO;TITOLO II - SPESE D'INVESTIMENTO;PARTECIPAZIONI AZIONARIE E CONFERIMENTI;;0,00
2014;USO, SALVAGUARDIA E SVILUPPO DEL TERRITORIO;URBANISTICA E POLITICHE PER LA CASA;TITOLO I - SPESE CORRENTI;ACQUISTO DI BENI E SERVIZI;;4878247,29
2014;USO, SALVAGUARDIA E SVILUPPO DEL TERRITORIO;URBANISTICA E POLITICHE PER LA CASA;TITOLO I - SPESE CORRENTI;TRASFERIMENTI CORRENTI;ALLO STATO E AD ALTRI ENTI DEL SETTORE STATALE;0,00
2014;USO, SALVAGUARDIA E SVILUPPO DEL TERRITORIO;URBANISTICA E POLITICHE PER LA CASA;TITOLO I - SPESE CORRENTI;TRASFERIMENTI CORRENTI;AI COMUNI;4271175,00
2014;USO, SALVAGUARDIA E SVILUPPO DEL TERRITORIO;URBANISTICA E POLITICHE PER LA CASA;TITOLO I - SPESE CORRENTI;TRASFERIMENTI CORRENTI;ALLE PROVINCE;0,00
2014;USO, SALVAGUARDIA E SVILUPPO DEL TERRITORIO;URBANISTICA E POLITICHE PER LA CASA;TITOLO I - SPESE CORRENTI;TRASFERIMENTI CORRENTI;AL SETTORE PRIVATO;430000,00
2014;USO, SALVAGUARDIA E SVILUPPO DEL TERRITORIO;URBANISTICA E POLITICHE PER LA CASA;TITOLO I - SPESE CORRENTI;SOMME NON ATTRIBUIBILI         ;;36646,36
2014;USO, SALVAGUARDIA E SVILUPPO DEL TERRITORIO;URBANISTICA E POLITICHE PER LA CASA;TITOLO II - SPESE D'INVESTIMENTO;TRASFERIMENTI IN CONTO CAPITALE;AI COMUNI;112527628,38
2014;USO, SALVAGUARDIA E SVILUPPO DEL TERRITORIO;URBANISTICA E POLITICHE PER LA CASA;TITOLO II - SPESE D'INVESTIMENTO;TRASFERIMENTI IN CONTO CAPITALE;AL SETTORE PRIVATO;106729667,42
2014;USO, SALVAGUARDIA E SVILUPPO DEL TERRITORIO;URBANISTICA E POLITICHE PER LA CASA;TITOLO II - SPESE D'INVESTIMENTO;CONCESSIONI DI CREDITI ED ANTICIPAZIONI;;33168198,31
2014;USO, SALVAGUARDIA E SVILUPPO DEL TERRITORIO;TUTELA E VALORIZZAZIONE DELL'AMBIENTE;TITOLO I - SPESE CORRENTI;ACQUISTO DI BENI E SERVIZI;;7887187,79
2014;USO, SALVAGUARDIA E SVILUPPO DEL TERRITORIO;TUTELA E VALORIZZAZIONE DELL'AMBIENTE;TITOLO I - SPESE CORRENTI;TRASFERIMENTI CORRENTI;ALLO STATO E AD ALTRI ENTI DEL SETTORE STATALE;25000,00
2014;USO, SALVAGUARDIA E SVILUPPO DEL TERRITORIO;TUTELA E VALORIZZAZIONE DELL'AMBIENTE;TITOLO I - SPESE CORRENTI;TRASFERIMENTI CORRENTI;AI COMUNI;1510153,14
2014;USO, SALVAGUARDIA E SVILUPPO DEL TERRITORIO;TUTELA E VALORIZZAZIONE DELL'AMBIENTE;TITOLO I - SPESE CORRENTI;TRASFERIMENTI CORRENTI;ALLE PROVINCE;7503263,05
2014;USO, SALVAGUARDIA E SVILUPPO DEL TERRITORIO;TUTELA E VALORIZZAZIONE DELL'AMBIENTE;TITOLO I - SPESE CORRENTI;TRASFERIMENTI CORRENTI;AI CONSORZI ED AZIENDE DI ENTI LOCALI E ALLE COMUNITA' MONTANE;5944341,83
2014;USO, SALVAGUARDIA E SVILUPPO DEL TERRITORIO;TUTELA E VALORIZZAZIONE DELL'AMBIENTE;TITOLO I - SPESE CORRENTI;TRASFERIMENTI CORRENTI;AD ALTRI ENTI DEL SETTORE PUBBLICO ALLARGATO;4134209,00
2014;USO, SALVAGUARDIA E SVILUPPO DEL TERRITORIO;TUTELA E VALORIZZAZIONE DELL'AMBIENTE;TITOLO I - SPESE CORRENTI;TRASFERIMENTI CORRENTI;AL SETTORE PRIVATO;3225686,71
2014;USO, SALVAGUARDIA E SVILUPPO DEL TERRITORIO;TUTELA E VALORIZZAZIONE DELL'AMBIENTE;TITOLO II - SPESE D'INVESTIMENTO;BENI ED OPERE IMMOBILIARI;;59962624,96
2014;USO, SALVAGUARDIA E SVILUPPO DEL TERRITORIO;TUTELA E VALORIZZAZIONE DELL'AMBIENTE;TITOLO II - SPESE D'INVESTIMENTO;BENI MOBILI, MACCHINE ED ATTREZZATURE TECNICO-SCIENTIFICHE;;701434,66
2014;USO, SALVAGUARDIA E SVILUPPO DEL TERRITORIO;TUTELA E VALORIZZAZIONE DELL'AMBIENTE;TITOLO II - SPESE D'INVESTIMENTO;TRASFERIMENTI IN CONTO CAPITALE;ALLO STATO E AD ALTRI ENTI DEL SETTORE STATALE;0,00
2014;USO, SALVAGUARDIA E SVILUPPO DEL TERRITORIO;TUTELA E VALORIZZAZIONE DELL'AMBIENTE;TITOLO II - SPESE D'INVESTIMENTO;TRASFERIMENTI IN CONTO CAPITALE;AI COMUNI;19905708,70
2014;USO, SALVAGUARDIA E SVILUPPO DEL TERRITORIO;TUTELA E VALORIZZAZIONE DELL'AMBIENTE;TITOLO II - SPESE D'INVESTIMENTO;TRASFERIMENTI IN CONTO CAPITALE;ALLE PROVINCE;35322167,77
2014;USO, SALVAGUARDIA E SVILUPPO DEL TERRITORIO;TUTELA E VALORIZZAZIONE DELL'AMBIENTE;TITOLO II - SPESE D'INVESTIMENTO;TRASFERIMENTI IN CONTO CAPITALE;AI CONSORZI ED AZIENDE DI ENTI LOCALI E ALLE COMUNITA' MONTANE;3000000,00
2014;USO, SALVAGUARDIA E SVILUPPO DEL TERRITORIO;TUTELA E VALORIZZAZIONE DELL'AMBIENTE;TITOLO II - SPESE D'INVESTIMENTO;TRASFERIMENTI IN CONTO CAPITALE;AD ALTRI ENTI DEL SETTORE PUBBLICO ALLARGATO;1364764,91
2014;USO, SALVAGUARDIA E SVILUPPO DEL TERRITORIO;TUTELA E VALORIZZAZIONE DELL'AMBIENTE;TITOLO II - SPESE D'INVESTIMENTO;TRASFERIMENTI IN CONTO CAPITALE;AL SETTORE PRIVATO;10958330,39
2014;USO, SALVAGUARDIA E SVILUPPO DEL TERRITORIO;TRASPORTI E MOBILITA';TITOLO I - SPESE CORRENTI;ACQUISTO DI BENI E SERVIZI;;3426032,98
2014;USO, SALVAGUARDIA E SVILUPPO DEL TERRITORIO;TRASPORTI E MOBILITA';TITOLO I - SPESE CORRENTI;TRASFERIMENTI CORRENTI;ALLO STATO E AD ALTRI ENTI DEL SETTORE STATALE;134124,51
2014;USO, SALVAGUARDIA E SVILUPPO DEL TERRITORIO;TRASPORTI E MOBILITA';TITOLO I - SPESE CORRENTI;TRASFERIMENTI CORRENTI;AI COMUNI;450000,00
2014;USO, SALVAGUARDIA E SVILUPPO DEL TERRITORIO;TRASPORTI E MOBILITA';TITOLO I - SPESE CORRENTI;TRASFERIMENTI CORRENTI;ALLE PROVINCE;0,00
2014;USO, SALVAGUARDIA E SVILUPPO DEL TERRITORIO;TRASPORTI E MOBILITA';TITOLO I - SPESE CORRENTI;TRASFERIMENTI CORRENTI;AD ALTRI ENTI DEL SETTORE PUBBLICO ALLARGATO;642043,91
2014;USO, SALVAGUARDIA E SVILUPPO DEL TERRITORIO;TRASPORTI E MOBILITA';TITOLO I - SPESE CORRENTI;TRASFERIMENTI CORRENTI;AL SETTORE PRIVATO;398105817,23
2014;USO, SALVAGUARDIA E SVILUPPO DEL TERRITORIO;TRASPORTI E MOBILITA';TITOLO I - SPESE CORRENTI;ALTRE SPESE CORRENTI;;0,00
2014;USO, SALVAGUARDIA E SVILUPPO DEL TERRITORIO;TRASPORTI E MOBILITA';TITOLO II - SPESE D'INVESTIMENTO;BENI ED OPERE IMMOBILIARI;;143341668,44
2014;USO, SALVAGUARDIA E SVILUPPO DEL TERRITORIO;TRASPORTI E MOBILITA';TITOLO II - SPESE D'INVESTIMENTO;BENI MOBILI, MACCHINE ED ATTREZZATURE TECNICO-SCIENTIFICHE;;3279118,47
2014;USO, SALVAGUARDIA E SVILUPPO DEL TERRITORIO;TRASPORTI E MOBILITA';TITOLO II - SPESE D'INVESTIMENTO;TRASFERIMENTI IN CONTO CAPITALE;AI COMUNI;25795293,05
2014;USO, SALVAGUARDIA E SVILUPPO DEL TERRITORIO;TRASPORTI E MOBILITA';TITOLO II - SPESE D'INVESTIMENTO;TRASFERIMENTI IN CONTO CAPITALE;ALLE PROVINCE;29494652,56
2014;USO, SALVAGUARDIA E SVILUPPO DEL TERRITORIO;TRASPORTI E MOBILITA';TITOLO II - SPESE D'INVESTIMENTO;TRASFERIMENTI IN CONTO CAPITALE;AL SETTORE PRIVATO;54532708,40
2014;USO, SALVAGUARDIA E SVILUPPO DEL TERRITORIO;TRASPORTI E MOBILITA';TITOLO II - SPESE D'INVESTIMENTO;PARTECIPAZIONI AZIONARIE E CONFERIMENTI;;224500,00
2014;USO, SALVAGUARDIA E SVILUPPO DEL TERRITORIO;PROTEZIONE CIVILE ED INTERVENTI DI EMERGENZA;TITOLO I - SPESE CORRENTI;ACQUISTO DI BENI E SERVIZI;;637783,07
2014;USO, SALVAGUARDIA E SVILUPPO DEL TERRITORIO;PROTEZIONE CIVILE ED INTERVENTI DI EMERGENZA;TITOLO I - SPESE CORRENTI;TRASFERIMENTI CORRENTI;ALLO STATO E AD ALTRI ENTI DEL SETTORE STATALE;142003,79
2014;USO, SALVAGUARDIA E SVILUPPO DEL TERRITORIO;PROTEZIONE CIVILE ED INTERVENTI DI EMERGENZA;TITOLO I - SPESE CORRENTI;TRASFERIMENTI CORRENTI;AI COMUNI;7884704,67
2014;USO, SALVAGUARDIA E SVILUPPO DEL TERRITORIO;PROTEZIONE CIVILE ED INTERVENTI DI EMERGENZA;TITOLO I - SPESE CORRENTI;TRASFERIMENTI CORRENTI;ALLE PROVINCE;43658,69
2014;USO, SALVAGUARDIA E SVILUPPO DEL TERRITORIO;PROTEZIONE CIVILE ED INTERVENTI DI EMERGENZA;TITOLO I - SPESE CORRENTI;TRASFERIMENTI CORRENTI;AI CONSORZI ED AZIENDE DI ENTI LOCALI E ALLE COMUNITA' MONTANE;5443137,28
2014;USO, SALVAGUARDIA E SVILUPPO DEL TERRITORIO;PROTEZIONE CIVILE ED INTERVENTI DI EMERGENZA;TITOLO I - SPESE CORRENTI;TRASFERIMENTI CORRENTI;AL SETTORE PRIVATO;76860,69
2014;USO, SALVAGUARDIA E SVILUPPO DEL TERRITORIO;PROTEZIONE CIVILE ED INTERVENTI DI EMERGENZA;TITOLO II - SPESE D'INVESTIMENTO;BENI ED OPERE IMMOBILIARI;;9958410,05
2014;USO, SALVAGUARDIA E SVILUPPO DEL TERRITORIO;PROTEZIONE CIVILE ED INTERVENTI DI EMERGENZA;TITOLO II - SPESE D'INVESTIMENTO;BENI MOBILI, MACCHINE ED ATTREZZATURE TECNICO-SCIENTIFICHE;;17607,97
2014;USO, SALVAGUARDIA E SVILUPPO DEL TERRITORIO;PROTEZIONE CIVILE ED INTERVENTI DI EMERGENZA;TITOLO II - SPESE D'INVESTIMENTO;TRASFERIMENTI IN CONTO CAPITALE;AI COMUNI;18693218,76
2014;USO, SALVAGUARDIA E SVILUPPO DEL TERRITORIO;PROTEZIONE CIVILE ED INTERVENTI DI EMERGENZA;TITOLO II - SPESE D'INVESTIMENTO;TRASFERIMENTI IN CONTO CAPITALE;ALLE PROVINCE;9312064,56
2014;USO, SALVAGUARDIA E SVILUPPO DEL TERRITORIO;PROTEZIONE CIVILE ED INTERVENTI DI EMERGENZA;TITOLO II - SPESE D'INVESTIMENTO;TRASFERIMENTI IN CONTO CAPITALE;AI CONSORZI ED AZIENDE DI ENTI LOCALI E ALLE COMUNITA' MONTANE;13473551,68
2014;USO, SALVAGUARDIA E SVILUPPO DEL TERRITORIO;PROTEZIONE CIVILE ED INTERVENTI DI EMERGENZA;TITOLO II - SPESE D'INVESTIMENTO;TRASFERIMENTI IN CONTO CAPITALE;AD ALTRI ENTI DEL SETTORE PUBBLICO ALLARGATO;903799,57
2014;USO, SALVAGUARDIA E SVILUPPO DEL TERRITORIO;PROTEZIONE CIVILE ED INTERVENTI DI EMERGENZA;TITOLO II - SPESE D'INVESTIMENTO;TRASFERIMENTI IN CONTO CAPITALE;AL SETTORE PRIVATO;6246241,03
2014;TUTELA DELLA SALUTE E SOLIDARIETA' SOCIALE;POLITICHE SANITARIE;TITOLO I - SPESE CORRENTI;SPESE PER IL PERSONALE;;946020,93
2014;TUTELA DELLA SALUTE E SOLIDARIETA' SOCIALE;POLITICHE SANITARIE;TITOLO I - SPESE CORRENTI;ACQUISTO DI BENI E SERVIZI;;265182782,51
2014;TUTELA DELLA SALUTE E SOLIDARIETA' SOCIALE;POLITICHE SANITARIE;TITOLO I - SPESE CORRENTI;TRASFERIMENTI CORRENTI;ALLO STATO E AD ALTRI ENTI DEL SETTORE STATALE;0,00
2014;TUTELA DELLA SALUTE E SOLIDARIETA' SOCIALE;POLITICHE SANITARIE;TITOLO I - SPESE CORRENTI;TRASFERIMENTI CORRENTI;AI COMUNI;0,00
2014;TUTELA DELLA SALUTE E SOLIDARIETA' SOCIALE;POLITICHE SANITARIE;TITOLO I - SPESE CORRENTI;TRASFERIMENTI CORRENTI;ALLE PROVINCE;367348,43
2014;TUTELA DELLA SALUTE E SOLIDARIETA' SOCIALE;POLITICHE SANITARIE;TITOLO I - SPESE CORRENTI;TRASFERIMENTI CORRENTI;AI CONSORZI ED AZIENDE DI ENTI LOCALI E ALLE COMUNITA' MONTANE;0,00
2014;TUTELA DELLA SALUTE E SOLIDARIETA' SOCIALE;POLITICHE SANITARIE;TITOLO I - SPESE CORRENTI;TRASFERIMENTI CORRENTI;AD ALTRI ENTI DEL SETTORE PUBBLICO ALLARGATO;27000,00
2014;TUTELA DELLA SALUTE E SOLIDARIETA' SOCIALE;POLITICHE SANITARIE;TITOLO I - SPESE CORRENTI;TRASFERIMENTI CORRENTI;ALLE AZIENDE SANITARIE LOCALI;8397442842,28
2014;TUTELA DELLA SALUTE E SOLIDARIETA' SOCIALE;POLITICHE SANITARIE;TITOLO I - SPESE CORRENTI;TRASFERIMENTI CORRENTI;AL SETTORE PRIVATO;1942374,63
2014;TUTELA DELLA SALUTE E SOLIDARIETA' SOCIALE;POLITICHE SANITARIE;TITOLO I - SPESE CORRENTI;ALTRE SPESE CORRENTI;;0,00
2014;TUTELA DELLA SALUTE E SOLIDARIETA' SOCIALE;POLITICHE SANITARIE;TITOLO II - SPESE D'INVESTIMENTO;BENI MOBILI, MACCHINE ED ATTREZZATURE TECNICO-SCIENTIFICHE;;2431058,00
2014;TUTELA DELLA SALUTE E SOLIDARIETA' SOCIALE;POLITICHE SANITARIE;TITOLO II - SPESE D'INVESTIMENTO;TRASFERIMENTI IN CONTO CAPITALE;ALLE PROVINCE;69325,49
2014;TUTELA DELLA SALUTE E SOLIDARIETA' SOCIALE;POLITICHE SANITARIE;TITOLO II - SPESE D'INVESTIMENTO;TRASFERIMENTI IN CONTO CAPITALE;ALLE AZIENDE SANITARIE LOCALI;79440157,37
2014;TUTELA DELLA SALUTE E SOLIDARIETA' SOCIALE;POLITICHE SANITARIE;TITOLO II - SPESE D'INVESTIMENTO;PARTECIPAZIONI AZIONARIE E CONFERIMENTI;;7000000,00
2014;TUTELA DELLA SALUTE E SOLIDARIETA' SOCIALE;INTERVENTI DI SOLIDARIETA' SOCIALE;TITOLO I - SPESE CORRENTI;ACQUISTO DI BENI E SERVIZI;;5656512,90
2014;TUTELA DELLA SALUTE E SOLIDARIETA' SOCIALE;INTERVENTI DI SOLIDARIETA' SOCIALE;TITOLO I - SPESE CORRENTI;TRASFERIMENTI CORRENTI;ALLO STATO E AD ALTRI ENTI DEL SETTORE STATALE;0,00
2014;TUTELA DELLA SALUTE E SOLIDARIETA' SOCIALE;INTERVENTI DI SOLIDARIETA' SOCIALE;TITOLO I - SPESE CORRENTI;TRASFERIMENTI CORRENTI;AI COMUNI;44653096,52
2014;TUTELA DELLA SALUTE E SOLIDARIETA' SOCIALE;INTERVENTI DI SOLIDARIETA' SOCIALE;TITOLO I - SPESE CORRENTI;TRASFERIMENTI CORRENTI;ALLE PROVINCE;1370696,18
2014;TUTELA DELLA SALUTE E SOLIDARIETA' SOCIALE;INTERVENTI DI SOLIDARIETA' SOCIALE;TITOLO I - SPESE CORRENTI;TRASFERIMENTI CORRENTI;AD ALTRI ENTI DEL SETTORE PUBBLICO ALLARGATO;2412123,70
2014;TUTELA DELLA SALUTE E SOLIDARIETA' SOCIALE;INTERVENTI DI SOLIDARIETA' SOCIALE;TITOLO I - SPESE CORRENTI;TRASFERIMENTI CORRENTI;ALLE AZIENDE SANITARIE LOCALI;669058,85
2014;TUTELA DELLA SALUTE E SOLIDARIETA' SOCIALE;INTERVENTI DI SOLIDARIETA' SOCIALE;TITOLO I - SPESE CORRENTI;TRASFERIMENTI CORRENTI;AL SETTORE PRIVATO;1492868,76
2014;TUTELA DELLA SALUTE E SOLIDARIETA' SOCIALE;INTERVENTI DI SOLIDARIETA' SOCIALE;TITOLO II - SPESE D'INVESTIMENTO;TRASFERIMENTI IN CONTO CAPITALE;AI COMUNI;15030802,89
2014;TUTELA DELLA SALUTE E SOLIDARIETA' SOCIALE;INTERVENTI DI SOLIDARIETA' SOCIALE;TITOLO II - SPESE D'INVESTIMENTO;TRASFERIMENTI IN CONTO CAPITALE;AL SETTORE PRIVATO;6413738,60
2014;ISTRUZIONE, ATTIVITA' FORMATIVE, CULTURALI, SPORTIVE E RICREATIVE;ISTRUZIONE PRESCOLASTICA;TITOLO I - SPESE CORRENTI;ACQUISTO DI BENI E SERVIZI;;133500,00
2014;ISTRUZIONE, ATTIVITA' FORMATIVE, CULTURALI, SPORTIVE E RICREATIVE;ISTRUZIONE PRESCOLASTICA;TITOLO I - SPESE CORRENTI;TRASFERIMENTI CORRENTI;AI COMUNI;0,00
2014;ISTRUZIONE, ATTIVITA' FORMATIVE, CULTURALI, SPORTIVE E RICREATIVE;ISTRUZIONE PRESCOLASTICA;TITOLO I - SPESE CORRENTI;TRASFERIMENTI CORRENTI;ALLE PROVINCE;12544400,00
2014;ISTRUZIONE, ATTIVITA' FORMATIVE, CULTURALI, SPORTIVE E RICREATIVE;ISTRUZIONE PRESCOLASTICA;TITOLO I - SPESE CORRENTI;TRASFERIMENTI CORRENTI;AL SETTORE PRIVATO;0,00
2014;ISTRUZIONE, ATTIVITA' FORMATIVE, CULTURALI, SPORTIVE E RICREATIVE;ISTRUZIONE PRESCOLASTICA;TITOLO II - SPESE D'INVESTIMENTO;TRASFERIMENTI IN CONTO CAPITALE;ALLE PROVINCE;0,00
2014;ISTRUZIONE, ATTIVITA' FORMATIVE, CULTURALI, SPORTIVE E RICREATIVE;ISTRUZIONE SCOLASTICA;TITOLO I - SPESE CORRENTI;ACQUISTO DI BENI E SERVIZI;;0,00
2014;ISTRUZIONE, ATTIVITA' FORMATIVE, CULTURALI, SPORTIVE E RICREATIVE;ISTRUZIONE SCOLASTICA;TITOLO I - SPESE CORRENTI;TRASFERIMENTI CORRENTI;ALLE PROVINCE;7000000,00
2014;ISTRUZIONE, ATTIVITA' FORMATIVE, CULTURALI, SPORTIVE E RICREATIVE;ISTRUZIONE SCOLASTICA;TITOLO I - SPESE CORRENTI;TRASFERIMENTI CORRENTI;AL SETTORE PRIVATO;0,00
2014;ISTRUZIONE, ATTIVITA' FORMATIVE, CULTURALI, SPORTIVE E RICREATIVE;ISTRUZIONE SCOLASTICA;TITOLO II - SPESE D'INVESTIMENTO;TRASFERIMENTI IN CONTO CAPITALE;AI COMUNI;2268240,45
2014;ISTRUZIONE, ATTIVITA' FORMATIVE, CULTURALI, SPORTIVE E RICREATIVE;ISTRUZIONE SCOLASTICA;TITOLO II - SPESE D'INVESTIMENTO;TRASFERIMENTI IN CONTO CAPITALE;ALLE PROVINCE;0,00
2014;ISTRUZIONE, ATTIVITA' FORMATIVE, CULTURALI, SPORTIVE E RICREATIVE;ISTRUZIONE SUPERIORE E UNIVERSITARIA;TITOLO I - SPESE CORRENTI;ACQUISTO DI BENI E SERVIZI;;0,00
2014;ISTRUZIONE, ATTIVITA' FORMATIVE, CULTURALI, SPORTIVE E RICREATIVE;ISTRUZIONE SUPERIORE E UNIVERSITARIA;TITOLO I - SPESE CORRENTI;TRASFERIMENTI CORRENTI;AI COMUNI;1635106,00
2014;ISTRUZIONE, ATTIVITA' FORMATIVE, CULTURALI, SPORTIVE E RICREATIVE;ISTRUZIONE SUPERIORE E UNIVERSITARIA;TITOLO I - SPESE CORRENTI;TRASFERIMENTI CORRENTI;ALLE PROVINCE;0,00
2014;ISTRUZIONE, ATTIVITA' FORMATIVE, CULTURALI, SPORTIVE E RICREATIVE;ISTRUZIONE SUPERIORE E UNIVERSITARIA;TITOLO I - SPESE CORRENTI;TRASFERIMENTI CORRENTI;AI CONSORZI ED AZIENDE DI ENTI LOCALI E ALLE COMUNITA' MONTANE;52445954,00
2014;ISTRUZIONE, ATTIVITA' FORMATIVE, CULTURALI, SPORTIVE E RICREATIVE;ISTRUZIONE SUPERIORE E UNIVERSITARIA;TITOLO I - SPESE CORRENTI;TRASFERIMENTI CORRENTI;AL SETTORE PRIVATO;25000,00
2014;ISTRUZIONE, ATTIVITA' FORMATIVE, CULTURALI, SPORTIVE E RICREATIVE;ISTRUZIONE SUPERIORE E UNIVERSITARIA;TITOLO II - SPESE D'INVESTIMENTO;TRASFERIMENTI IN CONTO CAPITALE;AI COMUNI;1600376,41
2014;ISTRUZIONE, ATTIVITA' FORMATIVE, CULTURALI, SPORTIVE E RICREATIVE;ISTRUZIONE SUPERIORE E UNIVERSITARIA;TITOLO II - SPESE D'INVESTIMENTO;TRASFERIMENTI IN CONTO CAPITALE;AI CONSORZI ED AZIENDE DI ENTI LOCALI E ALLE COMUNITA' MONTANE;0,00
2014;ISTRUZIONE, ATTIVITA' FORMATIVE, CULTURALI, SPORTIVE E RICREATIVE;FORMAZIONE ALLE PROFESSIONI E SOSTEGNO DELL'OCCUPAZIONE;TITOLO I - SPESE CORRENTI;ACQUISTO DI BENI E SERVIZI;;17917501,45
2014;ISTRUZIONE, ATTIVITA' FORMATIVE, CULTURALI, SPORTIVE E RICREATIVE;FORMAZIONE ALLE PROFESSIONI E SOSTEGNO DELL'OCCUPAZIONE;TITOLO I - SPESE CORRENTI;TRASFERIMENTI CORRENTI;ALLO STATO E AD ALTRI ENTI DEL SETTORE STATALE;1995726,94
2014;ISTRUZIONE, ATTIVITA' FORMATIVE, CULTURALI, SPORTIVE E RICREATIVE;FORMAZIONE ALLE PROFESSIONI E SOSTEGNO DELL'OCCUPAZIONE;TITOLO I - SPESE CORRENTI;TRASFERIMENTI CORRENTI;AI COMUNI;38375,86
2014;ISTRUZIONE, ATTIVITA' FORMATIVE, CULTURALI, SPORTIVE E RICREATIVE;FORMAZIONE ALLE PROFESSIONI E SOSTEGNO DELL'OCCUPAZIONE;TITOLO I - SPESE CORRENTI;TRASFERIMENTI CORRENTI;ALLE PROVINCE;104168930,26
2014;ISTRUZIONE, ATTIVITA' FORMATIVE, CULTURALI, SPORTIVE E RICREATIVE;FORMAZIONE ALLE PROFESSIONI E SOSTEGNO DELL'OCCUPAZIONE;TITOLO I - SPESE CORRENTI;TRASFERIMENTI CORRENTI;AI CONSORZI ED AZIENDE DI ENTI LOCALI E ALLE COMUNITA' MONTANE;0,00
2014;ISTRUZIONE, ATTIVITA' FORMATIVE, CULTURALI, SPORTIVE E RICREATIVE;FORMAZIONE ALLE PROFESSIONI E SOSTEGNO DELL'OCCUPAZIONE;TITOLO I - SPESE CORRENTI;TRASFERIMENTI CORRENTI;AD ALTRI ENTI DEL SETTORE PUBBLICO ALLARGATO;438054,40
2014;ISTRUZIONE, ATTIVITA' FORMATIVE, CULTURALI, SPORTIVE E RICREATIVE;FORMAZIONE ALLE PROFESSIONI E SOSTEGNO DELL'OCCUPAZIONE;TITOLO I - SPESE CORRENTI;TRASFERIMENTI CORRENTI;AL SETTORE PRIVATO;43921583,64
2014;ISTRUZIONE, ATTIVITA' FORMATIVE, CULTURALI, SPORTIVE E RICREATIVE;FORMAZIONE ALLE PROFESSIONI E SOSTEGNO DELL'OCCUPAZIONE;TITOLO II - SPESE D'INVESTIMENTO;TRASFERIMENTI IN CONTO CAPITALE;AI COMUNI;0,00
2014;ISTRUZIONE, ATTIVITA' FORMATIVE, CULTURALI, SPORTIVE E RICREATIVE;ATTIVITA' CULTURALI;TITOLO I - SPESE CORRENTI;ACQUISTO DI BENI E SERVIZI;;1711500,00
2014;ISTRUZIONE, ATTIVITA' FORMATIVE, CULTURALI, SPORTIVE E RICREATIVE;ATTIVITA' CULTURALI;TITOLO I - SPESE CORRENTI;TRASFERIMENTI CORRENTI;AI COMUNI;513955,00
2014;ISTRUZIONE, ATTIVITA' FORMATIVE, CULTURALI, SPORTIVE E RICREATIVE;ATTIVITA' CULTURALI;TITOLO I - SPESE CORRENTI;TRASFERIMENTI CORRENTI;ALLE PROVINCE;3590500,00
2014;ISTRUZIONE, ATTIVITA' FORMATIVE, CULTURALI, SPORTIVE E RICREATIVE;ATTIVITA' CULTURALI;TITOLO I - SPESE CORRENTI;TRASFERIMENTI CORRENTI;AI CONSORZI ED AZIENDE DI ENTI LOCALI E ALLE COMUNITA' MONTANE;4500000,00
2014;ISTRUZIONE, ATTIVITA' FORMATIVE, CULTURALI, SPORTIVE E RICREATIVE;ATTIVITA' CULTURALI;TITOLO I - SPESE CORRENTI;TRASFERIMENTI CORRENTI;AL SETTORE PRIVATO;12077045,00
2014;ISTRUZIONE, ATTIVITA' FORMATIVE, CULTURALI, SPORTIVE E RICREATIVE;ATTIVITA' CULTURALI;TITOLO II - SPESE D'INVESTIMENTO;BENI ED OPERE IMMOBILIARI;;0,00
2014;ISTRUZIONE, ATTIVITA' FORMATIVE, CULTURALI, SPORTIVE E RICREATIVE;ATTIVITA' CULTURALI;TITOLO II - SPESE D'INVESTIMENTO;BENI MOBILI, MACCHINE ED ATTREZZATURE TECNICO-SCIENTIFICHE;;0,00
2014;ISTRUZIONE, ATTIVITA' FORMATIVE, CULTURALI, SPORTIVE E RICREATIVE;ATTIVITA' CULTURALI;TITOLO II - SPESE D'INVESTIMENTO;TRASFERIMENTI IN CONTO CAPITALE;AI COMUNI;16913332,73
2014;ISTRUZIONE, ATTIVITA' FORMATIVE, CULTURALI, SPORTIVE E RICREATIVE;ATTIVITA' CULTURALI;TITOLO II - SPESE D'INVESTIMENTO;TRASFERIMENTI IN CONTO CAPITALE;ALLE PROVINCE;513,64
2014;ISTRUZIONE, ATTIVITA' FORMATIVE, CULTURALI, SPORTIVE E RICREATIVE;ATTIVITA' CULTURALI;TITOLO II - SPESE D'INVESTIMENTO;TRASFERIMENTI IN CONTO CAPITALE;AI CONSORZI ED AZIENDE DI ENTI LOCALI E ALLE COMUNITA' MONTANE;783033,52
2014;ISTRUZIONE, ATTIVITA' FORMATIVE, CULTURALI, SPORTIVE E RICREATIVE;ATTIVITA' CULTURALI;TITOLO II - SPESE D'INVESTIMENTO;TRASFERIMENTI IN CONTO CAPITALE;AL SETTORE PRIVATO;0,00
2014;ISTRUZIONE, ATTIVITA' FORMATIVE, CULTURALI, SPORTIVE E RICREATIVE;PROMOZIONE DELLO SPORT E DELLE ATTIVITA' RICREATIVE;TITOLO I - SPESE CORRENTI;ACQUISTO DI BENI E SERVIZI;;25000,00
2014;ISTRUZIONE, ATTIVITA' FORMATIVE, CULTURALI, SPORTIVE E RICREATIVE;PROMOZIONE DELLO SPORT E DELLE ATTIVITA' RICREATIVE;TITOLO I - SPESE CORRENTI;TRASFERIMENTI CORRENTI;ALLE PROVINCE;150000,00
2014;ISTRUZIONE, ATTIVITA' FORMATIVE, CULTURALI, SPORTIVE E RICREATIVE;PROMOZIONE DELLO SPORT E DELLE ATTIVITA' RICREATIVE;TITOLO I - SPESE CORRENTI;TRASFERIMENTI CORRENTI;AL SETTORE PRIVATO;150000,00
2014;ISTRUZIONE, ATTIVITA' FORMATIVE, CULTURALI, SPORTIVE E RICREATIVE;PROMOZIONE DELLO SPORT E DELLE ATTIVITA' RICREATIVE;TITOLO II - SPESE D'INVESTIMENTO;TRASFERIMENTI IN CONTO CAPITALE;AI COMUNI;1710000,00
2014;ISTRUZIONE, ATTIVITA' FORMATIVE, CULTURALI, SPORTIVE E RICREATIVE;PROMOZIONE DELLO SPORT E DELLE ATTIVITA' RICREATIVE;TITOLO II - SPESE D'INVESTIMENTO;TRASFERIMENTI IN CONTO CAPITALE;ALLE PROVINCE;2706612,81
2014;ONERI GENERALI NON ATTRIBUIBILI;FONDI  DI RISERVA;TITOLO I - SPESE CORRENTI;SOMME NON ATTRIBUIBILI         ;;17985591,60
2014;ONERI GENERALI NON ATTRIBUIBILI;FONDI SPECIALI;TITOLO I - SPESE CORRENTI;SOMME NON ATTRIBUIBILI         ;;33568992,94
2014;ONERI GENERALI NON ATTRIBUIBILI;FONDI SPECIALI;TITOLO II - SPESE D'INVESTIMENTO;SOMME NON ATTRIBUIBILI         ;;243949347,21
2014;ONERI GENERALI NON ATTRIBUIBILI;ONERI VARI NON RIPARTIBILI;TITOLO I - SPESE CORRENTI;TRASFERIMENTI CORRENTI;ALLO STATO E AD ALTRI ENTI DEL SETTORE STATALE;136313321,51
2014;ONERI GENERALI NON ATTRIBUIBILI;ONERI VARI NON RIPARTIBILI;TITOLO I - SPESE CORRENTI;INTERESSI PASSIVI;;15365935,05
2014;ONERI GENERALI NON ATTRIBUIBILI;ONERI VARI NON RIPARTIBILI;TITOLO I - SPESE CORRENTI;ALTRE SPESE CORRENTI;;517576064,64
2014;ONERI GENERALI NON ATTRIBUIBILI;ONERI VARI NON RIPARTIBILI;TITOLO I - SPESE CORRENTI;SOMME NON ATTRIBUIBILI         ;;89900985,62
2014;ONERI GENERALI NON ATTRIBUIBILI;ONERI VARI NON RIPARTIBILI;TITOLO II - SPESE D'INVESTIMENTO;TRASFERIMENTI IN CONTO CAPITALE;AI COMUNI;181520,10
2014;ONERI GENERALI NON ATTRIBUIBILI;ONERI VARI NON RIPARTIBILI;TITOLO II - SPESE D'INVESTIMENTO;TRASFERIMENTI IN CONTO CAPITALE;AL SETTORE PRIVATO;17354000,00
2014;ONERI GENERALI NON ATTRIBUIBILI;ONERI VARI NON RIPARTIBILI;TITOLO II - SPESE D'INVESTIMENTO;SOMME NON ATTRIBUIBILI         ;;359603942,50
2014;ONERI GENERALI NON ATTRIBUIBILI;RIMBORSO DEI PRESTITI;TITOLO I - SPESE CORRENTI;INTERESSI PASSIVI;;120328561,32
2014;ONERI GENERALI NON ATTRIBUIBILI;RIMBORSO DEI PRESTITI;TITOLO III - SPESE PER IL RIMBORSO DI MUTUI E PRESTITI;MUTUI         ;;89468966,75
2014;ONERI GENERALI NON ATTRIBUIBILI;RIMBORSO DEI PRESTITI;TITOLO III - SPESE PER IL RIMBORSO DI MUTUI E PRESTITI;OBBLIGAZIONI         ;;10619537,94
2014;ONERI GENERALI NON ATTRIBUIBILI;RIMBORSO DEI PRESTITI;TITOLO III - SPESE PER IL RIMBORSO DI MUTUI E PRESTITI;ANTICIPAZIONI ED ALTRE OPERAZIONI DI CREDITO A BREVE TERMINE        ;;9007101,27
2014;ONERI GENERALI NON ATTRIBUIBILI;FONDI DI GARANZIA;TITOLO II - SPESE D'INVESTIMENTO;CONCESSIONI DI CREDITI ED ANTICIPAZIONI;;0,00
;;;;;;
