;;2006 - 2008;2009 - 2011;2012 - 2013;2014 - 2015;2016 - 2017;2018 - 2019;2020 - 2021;FINO AL 2005;NON DEFINITO;Somma:
BOLOGNA;ALTO RENO TERME;734;742;357;382;504;492;430;2.598;2;6.241
BOLOGNA;ANZOLA DELL'EMILIA;1.291;1.352;801;953;1.327;1.322;971;2.787;3;10.807
BOLOGNA;ARGELATO;1.119;1.174;729;853;1.215;1.240;877;2.406;2;9.615
BOLOGNA;BARICELLA;739;771;389;499;596;599;404;1.696;1;5.694
BOLOGNA;BENTIVOGLIO;669;651;407;492;640;721;454;1.338;-;5.372
BOLOGNA;BOLOGNA;35.559;37.075;19.936;24.527;31.844;33.753;28.522;78.602;167;289.985
BOLOGNA;BORGO TOSSIGNANO;374;357;196;230;346;280;206;1.096;-;3.085
BOLOGNA;BUDRIO;1.965;1.997;1.111;1.321;1.846;1.815;1.210;4.610;5;15.880
BOLOGNA;CALDERARA DI RENO;1.585;1.572;883;1.168;1.634;1.711;1.195;3.338;4;13.090
BOLOGNA;CAMUGNANO;224;226;95;144;165;157;102;881;1;1.995
BOLOGNA;CASALECCHIO DI RENO;3.389;3.608;2.064;2.500;3.413;3.631;2.803;7.202;13;28.623
BOLOGNA;CASALFIUMANESE;388;360;205;226;331;307;177;1.109;-;3.103
BOLOGNA;CASTEL D'AIANO;251;194;116;147;190;173;100;772;-;1.943
BOLOGNA;CASTEL DEL RIO;149;107;58;67;89;83;60;608;-;1.221
BOLOGNA;CASTEL DI CASIO;397;380;196;237;300;314;194;1.243;3;3.264
BOLOGNA;CASTEL GUELFO DI BOLOGNA;539;543;325;348;489;528;336;1.200;-;4.308
BOLOGNA;CASTELLO D'ARGILE;696;726;403;477;668;712;487;1.573;1;5.743
BOLOGNA;CASTEL MAGGIORE;1.917;2.131;1.307;1.566;2.055;2.211;1.608;3.823;4;16.622
BOLOGNA;CASTEL SAN PIETRO TERME;2.272;2.269;1.187;1.469;2.060;2.043;1.477;5.292;1;18.070
BOLOGNA;CASTENASO;1.656;1.818;1.159;1.398;1.801;1.888;1.471;3.553;5;14.749
BOLOGNA;CASTIGLIONE DEI PEPOLI;668;655;296;325;411;445;311;1.959;1;5.071
BOLOGNA;CREVALCORE;1.479;1.349;798;843;1.167;1.037;763;3.887;9;11.332
BOLOGNA;DOZZA;723;719;404;482;680;619;439;1.623;5;5.694
BOLOGNA;FONTANELICE;227;212;107;147;176;180;115;786;1;1.951
BOLOGNA;GAGGIO MONTANO;586;555;290;356;455;431;268;2.003;3;4.947
BOLOGNA;GALLIERA;663;604;280;343;420;422;316;1.961;1;5.010
BOLOGNA;GRANAROLO DELL'EMILIA;1.181;1.391;841;1.130;1.469;1.615;1.389;2.589;1;11.606
BOLOGNA;GRIZZANA MORANDI;380;375;173;232;357;314;220;1.450;-;3.501
BOLOGNA;IMOLA;7.708;7.871;4.086;5.006;6.317;6.438;4.738;17.079;24;59.267
BOLOGNA;LIZZANO IN BELVEDERE;251;241;138;131;205;201;108;968;1;2.244
BOLOGNA;LOIANO;491;475;238;269;441;341;251;1.592;2;4.100
BOLOGNA;MALALBERGO;942;946;537;641;834;888;612;2.194;2;7.596
BOLOGNA;MARZABOTTO;720;632;378;455;619;597;439;1.978;1;5.819
BOLOGNA;MEDICINA;1.772;1.904;1.084;1.166;1.588;1.499;1.084;4.069;6;14.172
BOLOGNA;MINERBIO;979;943;534;708;863;900;608;2.030;4;7.569
BOLOGNA;MOLINELLA;1.777;1.680;924;1.133;1.355;1.347;986;4.237;1;13.440
BOLOGNA;MONGHIDORO;488;482;230;212;335;296;202;1.642;1;3.888
BOLOGNA;MONTERENZIO;720;682;375;407;637;634;391;1.873;2;5.721
BOLOGNA;MONTE SAN PIETRO;1.239;1.214;749;928;1.262;1.150;871;2.918;3;10.334
BOLOGNA;MONZUNO;721;680;348;452;551;557;391;2.078;2;5.780
BOLOGNA;MORDANO;558;545;324;337;442;461;285;1.325;2;4.279
BOLOGNA;NON DEFINITO BO;-;-;-;-;-;-;-;41;1;42
BOLOGNA;OZZANO DELL'EMILIA;1.436;1.588;885;1.171;1.620;1.564;1.151;2.810;3;12.228
BOLOGNA;PIANORO;1.773;1.960;1.065;1.335;1.824;1.830;1.429;4.369;10;15.595
BOLOGNA;PIEVE DI CENTO;717;762;457;460;645;644;480;1.641;3;5.809
BOLOGNA;SALA BOLOGNESE;868;1.012;539;669;1.022;1.011;782;1.806;1;7.710
BOLOGNA;SAN GIORGIO DI PIANO;813;956;530;692;942;958;743;1.794;-;7.428
BOLOGNA;SAN GIOVANNI IN PERSICETO;2.799;2.883;1.727;2.050;2.701;2.553;1.812;6.659;11;23.195
BOLOGNA;SAN LAZZARO DI SAVENA;3.335;3.461;2.005;2.480;3.419;3.525;2.656;6.925;12;27.818
BOLOGNA;SAN PIETRO IN CASALE;1.273;1.254;716;876;1.097;1.065;756;2.796;5;9.838
BOLOGNA;SANT'AGATA BOLOGNESE;799;760;444;488;636;586;503;1.945;2;6.163
BOLOGNA;SASSO MARCONI;1.580;1.581;861;1.151;1.526;1.510;1.125;4.360;4;13.698
BOLOGNA;S.BENEDETTO VAL DI SAMBRO;532;455;251;307;405;375;253;1.652;2;4.232
BOLOGNA;VALSAMOGGIA;3.354;3.353;1.894;2.347;3.291;3.279;2.257;9.021;3;28.799
BOLOGNA;VERGATO;793;713;326;467;556;554;429;2.419;-;6.257
BOLOGNA;ZOLA PREDOSA;1.916;2.059;1.295;1.607;2.167;2.171;1.612;4.219;5;17.051
FERRARA;ARGENTA;2.391;2.374;1.229;1.416;1.792;1.728;1.240;6.488;9;18.667
FERRARA;BONDENO;1.661;1.639;775;916;1.190;1.165;845;5.200;4;13.395
FERRARA;CENTO;3.886;3.871;2.202;2.596;3.059;3.033;2.112;9.810;13;30.582
FERRARA;CODIGORO;1.436;1.348;700;725;959;914;677;3.875;3;10.637
FERRARA;COMACCHIO;2.702;2.742;1.267;1.412;2.024;1.919;1.431;7.106;13;20.616
FERRARA;COPPARO;1.900;1.857;1.075;1.106;1.383;1.335;877;4.971;5;14.509
FERRARA;FERRARA;12.873;13.914;7.629;9.028;11.884;12.311;9.687;31.915;68;109.309
FERRARA;FISCAGLIA;926;990;483;538;684;646;467;3.137;3;7.874
FERRARA;GORO;378;411;261;273;383;380;257;715;-;3.058
FERRARA;JOLANDA DI SAVOIA;360;310;132;155;196;183;154;1.035;7;2.532
FERRARA;LAGOSANTO;576;566;290;289;435;379;244;1.381;1;4.161
FERRARA;MASI TORELLO;210;259;150;189;207;212;145;588;-;1.960
FERRARA;MESOLA;866;832;392;424;525;523;319;2.808;5;6.694
FERRARA;NON DEFINITO FE;1;3;1;1;-;1;-;34;-;41
FERRARA;OSTELLATO;675;652;344;387;482;452;334;1.810;1;5.137
FERRARA;POGGIO RENATICO;1.021;1.081;581;647;871;881;628;2.442;3;8.155
FERRARA;PORTOMAGGIORE;1.247;1.182;568;706;873;878;581;3.384;6;9.425
FERRARA;RIVA DEL PO;958;876;443;443;623;556;351;3.009;2;7.261
FERRARA;TERRE DEL RENO;1.115;1.092;653;740;907;867;597;2.848;-;8.819
FERRARA;TRESIGNANA;918;787;447;471;633;523;351;2.371;-;6.501
FERRARA;VIGARANO MAINARDA;827;860;510;609;805;749;585;1.986;5;6.936
FERRARA;VOGHIERA;418;454;248;260;318;339;244;932;1;3.214
FORLI'-CESENA;BAGNO DI ROMAGNA;736;731;275;335;463;456;318;2.217;3;5.534
FORLI'-CESENA;BERTINORO;1.436;1.458;742;806;1.116;1.057;757;3.595;2;10.969
FORLI'-CESENA;BORGHI;402;393;184;190;249;250;165;1.267;-;3.100
FORLI'-CESENA;CASTROCARO TERME T.D.SOLE;714;681;392;408;560;550;415;2.225;-;5.945
FORLI'-CESENA;CESENA;11.606;12.340;6.162;7.489;9.961;10.036;7.391;27.347;40;92.372
FORLI'-CESENA;CESENATICO;3.280;3.399;1.632;1.712;2.443;2.272;1.730;7.917;5;24.390
FORLI'-CESENA;CIVITELLA DI ROMAGNA;425;402;188;194;286;260;150;1.596;3;3.504
FORLI'-CESENA;DOVADOLA;164;161;68;87;114;114;90;604;-;1.402
FORLI'-CESENA;FORLI';13.232;13.581;6.752;8.202;10.630;10.787;7.484;31.472;50;102.190
FORLI'-CESENA;FORLIMPOPOLI;1.630;1.674;842;970;1.220;1.183;758;3.893;3;12.173
FORLI'-CESENA;GALEATA;271;222;114;129;152;143;92;971;1;2.095
FORLI'-CESENA;GAMBETTOLA;1.308;1.343;653;765;977;920;644;3.240;4;9.854
FORLI'-CESENA;GATTEO;1.170;1.165;545;646;783;854;611;2.734;6;8.514
FORLI'-CESENA;LONGIANO;945;979;463;523;749;697;495;2.393;6;7.250
FORLI'-CESENA;MELDOLA;1.120;1.152;559;573;814;776;500;3.502;3;8.999
FORLI'-CESENA;MERCATO SARACENO;846;927;398;482;669;660;414;2.160;4;6.560
FORLI'-CESENA;MODIGLIANA;533;493;261;264;342;342;234;1.670;2;4.141
FORLI'-CESENA;MONTIANO;239;246;82;108;156;152;85;598;1;1.667
FORLI'-CESENA;NON DEFINITO FC;1;-;-;-;-;-;-;28;-;29
FORLI'-CESENA;PORTICO E SAN BENEDETTO;94;76;24;44;54;47;25;265;-;629
FORLI'-CESENA;PREDAPPIO;732;696;339;415;501;472;368;2.446;-;5.969
FORLI'-CESENA;PREMILCUORE;75;77;36;35;49;34;44;371;2;723
FORLI'-CESENA;ROCCA SAN CASCIANO;193;192;80;127;133;117;107;732;-;1.681
FORLI'-CESENA;RONCOFREDDO;482;431;204;227;316;309;227;1.470;2;3.668
FORLI'-CESENA;SAN MAURO PASCOLI;1.480;1.473;684;852;1.082;1.103;770;3.272;3;10.719
FORLI'-CESENA;SANTA SOFIA;476;416;200;247;300;280;217;1.592;3;3.731
FORLI'-CESENA;SARSINA;368;377;183;220;278;252;172;1.316;1;3.167
FORLI'-CESENA;SAVIGNANO SUL RUBICONE;2.197;2.161;992;1.152;1.537;1.562;1.013;5.554;11;16.179
FORLI'-CESENA;SOGLIANO AL RUBICONE;448;385;189;208;265;248;171;1.253;1;3.168
FORLI'-CESENA;TREDOZIO;122;143;63;68;81;85;58;437;-;1.057
FORLI'-CESENA;VERGHERETO;231;251;92;112;131;135;86;807;1;1.846
MODENA;BASTIGLIA;426;456;285;424;382;410;287;1.006;-;3.676
MODENA;BOMPORTO;1.151;1.114;663;759;1.053;984;701;2.805;12;9.242
MODENA;CAMPOGALLIANO;1.086;997;575;660;926;945;674;2.452;5;8.320
MODENA;CAMPOSANTO;357;305;190;178;279;234;173;1.089;2;2.807
MODENA;CARPI;6.958;7.096;4.117;4.737;6.649;6.768;4.909;16.693;42;57.969
MODENA;CASTELFRANCO EMILIA;3.533;3.474;2.018;2.379;3.132;3.037;2.220;8.524;29;28.346
MODENA;CASTELNUOVO RANGONE;1.462;1.504;960;1.234;1.598;1.585;1.173;3.609;6;13.131
MODENA;CASTELVETRO DI MODENA;1.157;1.204;699;853;1.242;1.158;796;3.413;7;10.529
MODENA;CAVEZZO;760;750;446;460;618;595;378;2.105;7;6.119
MODENA;CONCORDIA SULLA SECCHIA;977;1.007;558;605;677;749;501;2.835;4;7.913
MODENA;FANANO;411;352;164;183;260;243;160;1.241;4;3.018
MODENA;FINALE EMILIA;1.677;1.617;921;1.068;1.366;1.226;810;4.877;16;13.578
MODENA;FIORANO MODENESE;1.922;1.953;1.140;1.413;1.982;1.856;1.285;4.913;9;16.473
MODENA;FIUMALBO;184;145;76;89;103;104;60;542;-;1.303
MODENA;FORMIGINE;3.385;3.747;2.249;2.795;3.650;3.795;2.456;8.018;20;30.115
MODENA;FRASSINORO;232;190;118;123;173;168;121;667;2;1.794
MODENA;GUIGLIA;491;423;254;258;369;325;275;1.562;2;3.959
MODENA;LAMA MOCOGNO;386;282;140;162;216;223;144;1.696;1;3.250
MODENA;MARANELLO;1.907;1.869;1.081;1.412;1.841;1.741;1.174;4.770;18;15.813
MODENA;MARANO SUL PANARO;605;581;337;357;539;461;364;1.741;9;4.994
MODENA;MEDOLLA;724;729;408;556;694;586;431;1.582;1;5.711
MODENA;MIRANDOLA;2.646;2.748;1.554;1.739;2.323;2.295;1.728;7.492;12;22.537
MODENA;MODENA;17.931;18.812;10.785;13.121;17.893;17.755;13.714;46.628;128;156.767
MODENA;MONTECRETO;127;110;77;58;70;65;36;417;-;960
MODENA;MONTEFIORINO;284;241;126;166;194;215;137;805;1;2.169
MODENA;MONTESE;449;458;208;273;360;342;183;1.405;3;3.681
MODENA;NONANTOLA;1.603;1.679;996;1.140;1.514;1.434;1.178;3.955;4;13.503
MODENA;NON DEFINITO MO;-;-;-;-;-;-;-;25;-;25
MODENA;NOVI DI MODENA;1.128;988;545;641;829;840;542;3.034;8;8.555
MODENA;PALAGANO;297;247;136;142;199;179;123;970;-;2.293
MODENA;PAVULLO NEL FRIGNANO;2.180;1.983;1.024;1.163;1.582;1.426;971;6.851;10;17.190
MODENA;PIEVEPELAGO;296;246;129;119;166;145;109;975;-;2.185
MODENA;POLINAGO;220;165;89;76;122;116;74;888;2;1.752
MODENA;PRIGNANO SULLA SECCHIA;462;418;273;293;463;360;229;1.469;3;3.970
MODENA;RAVARINO;703;667;348;434;553;560;337;1.914;3;5.519
MODENA;RIOLUNATO;92;94;40;41;53;67;47;299;-;733
MODENA;SAN CESARIO SUL PANARO;682;723;459;502;712;719;485;1.802;6;6.090
MODENA;SAN FELICE SUL PANARO;1.206;1.176;649;724;979;903;633;3.373;12;9.655
MODENA;SAN POSSIDONIO;369;308;197;201;281;256;207;1.263;2;3.084
MODENA;SAN PROSPERO;723;686;362;418;574;592;389;1.998;2;5.744
MODENA;SASSUOLO;4.372;4.090;2.355;3.003;4.136;3.844;2.916;12.313;33;37.062
MODENA;SAVIGNANO SUL PANARO;1.086;979;568;659;893;877;559;2.580;2;8.203
MODENA;SERRAMAZZONI;1.056;969;531;608;811;754;477;3.795;5;9.006
MODENA;SESTOLA;398;287;140;161;208;219;125;1.102;3;2.643
MODENA;SOLIERA;1.631;1.642;959;1.086;1.519;1.505;1.080;4.033;7;13.462
MODENA;SPILAMBERTO;1.407;1.449;797;932;1.189;1.260;881;3.383;9;11.307
MODENA;VIGNOLA;2.716;2.674;1.506;1.767;2.406;2.267;1.659;6.900;15;21.910
MODENA;ZOCCA;543;508;267;300;429;355;262;1.812;6;4.482
PARMA;ALBARETO;251;261;143;138;161;167;108;1.014;1;2.244
PARMA;BARDI;259;236;125;146;147;140;108;1.286;-;2.447
PARMA;BEDONIA;394;399;174;221;248;232;162;1.348;1;3.179
PARMA;BERCETO;218;195;97;132;181;168;118;849;1;1.959
PARMA;BORE;82;79;26;35;57;37;29;275;1;621
PARMA;BORGO VAL DI TARO;744;712;353;413;488;500;341;2.524;1;6.076
PARMA;BUSSETO;725;752;390;485;630;648;429;2.025;4;6.088
PARMA;CALESTANO;239;255;134;174;198;214;117;812;-;2.143
PARMA;COLLECCHIO;1.469;1.733;1.012;1.311;1.588;1.648;1.208;3.524;7;13.500
PARMA;COLORNO;885;961;530;607;857;782;534;2.546;2;7.704
PARMA;COMPIANO;126;131;63;76;92;87;64;465;-;1.104
PARMA;CORNIGLIO;223;238;102;119;161;138;89;899;2;1.971
PARMA;FELINO;903;995;577;692;967;989;653;2.302;2;8.080
PARMA;FIDENZA;2.682;2.865;1.483;1.806;2.562;2.482;1.791;6.525;5;22.201
PARMA;FONTANELLATO;778;757;428;531;695;734;437;2.120;1;6.481
PARMA;FONTEVIVO;688;697;388;457;602;637;415;1.685;1;5.570
PARMA;FORNOVO DI TARO;629;668;314;381;478;485;380;2.028;2;5.365
PARMA;LANGHIRANO;1.203;1.212;629;742;1.014;1.036;719;3.417;2;9.974
PARMA;LESIGNANO DE BAGNI;618;617;379;406;532;523;383;1.609;-;5.067
PARMA;MEDESANO;1.246;1.310;711;820;1.029;1.036;784;3.531;2;10.469
PARMA;MONCHIO DELLE CORTI;130;89;54;63;68;73;32;422;-;931
PARMA;MONTECHIARUGOLO;1.134;1.280;704;883;1.097;1.147;745;2.817;1;9.808
PARMA;NEVIANO DEGLI ARDUINI;476;493;206;244;295;317;213;1.576;1;3.821
PARMA;NOCETO;1.367;1.473;834;1.089;1.298;1.348;975;3.371;1;11.756
PARMA;NON DEFINITO PR;4;-;-;1;-;-;-;49;-;54
PARMA;PALANZANO;135;142;56;88;100;75;66;529;1;1.192
PARMA;PARMA;17.785;20.511;11.534;14.139;18.562;19.873;14.798;46.901;74;164.177
PARMA;PELLEGRINO PARMENSE;131;104;48;73;76;80;37;510;-;1.059
PARMA;POLESINE ZIBELLO;365;350;169;226;259;280;207;1.152;-;3.008
PARMA;ROCCABIANCA;382;328;168;211;274;261;137;1.060;2;2.823
PARMA;SALA BAGANZA;603;652;351;409;586;593;414;1.488;1;5.097
PARMA;SALSOMAGGIORE TERME;2.279;2.280;1.101;1.297;1.653;1.695;1.174;6.116;4;17.599
PARMA;SAN SECONDO PARMENSE;614;590;311;425;559;502;374;1.469;-;4.844
PARMA;SISSA TRECASALI;867;888;462;598;764;752;470;2.506;2;7.309
PARMA;SOLIGNANO;224;202;107;132;160;196;114;713;2;1.850
PARMA;SORAGNA;509;541;268;358;466;485;323;1.416;1;4.367
PARMA;SORBOLO MEZZANI;1.364;1.471;839;926;1.275;1.341;869;3.286;3;11.374
PARMA;TERENZO;143;138;78;91;105;105;65;457;1;1.183
PARMA;TIZZANO VAL PARMA;259;230;108;148;147;169;131;1.090;1;2.283
PARMA;TORNOLO;151;135;72;64;90;72;51;400;-;1.035
PARMA;TORRILE;837;905;522;663;845;894;568;1.828;-;7.062
PARMA;TRAVERSETOLO;1.101;1.128;556;688;933;928;698;2.784;2;8.818
PARMA;VALMOZZOLA;73;66;30;39;46;54;23;290;1;622
PARMA;VARANO DE' MELEGARI;360;334;169;224;280;265;198;1.200;3;3.033
PARMA;VARSI;177;144;61;94;113;89;70;676;-;1.424
PIACENZA;AGAZZANO;229;217;104;107;191;181;93;700;3;1.825
PIACENZA;ALSENO;514;568;360;366;455;445;295;1.649;5;4.657
PIACENZA;ALTA VAL TIDONE;355;349;192;198;269;256;134;1.332;2;3.087
PIACENZA;BESENZONE;96;96;74;58;73;78;57;331;2;865
PIACENZA;BETTOLA;300;308;137;186;199;184;141;1.267;3;2.725
PIACENZA;BOBBIO;438;419;188;203;309;305;210;1.414;2;3.488
PIACENZA;BORGONOVO VAL TIDONE;776;829;432;511;674;655;416;2.211;2;6.506
PIACENZA;CADEO;730;690;367;407;549;519;391;1.844;3;5.500
PIACENZA;CALENDASCO;331;286;161;200;272;272;204;875;3;2.604
PIACENZA;CAORSO;566;557;316;356;500;472;308;1.371;3;4.449
PIACENZA;CARPANETO PIACENTINO;835;917;495;575;699;702;491;2.437;4;7.155
PIACENZA;CASTELL'ARQUATO;509;491;278;330;449;457;292;1.632;-;4.438
PIACENZA;CASTEL SAN GIOVANNI;1.334;1.390;726;921;1.199;1.183;851;3.545;-;11.149
PIACENZA;CASTELVETRO PIACENTINO;589;617;357;371;518;534;357;1.529;8;4.880
PIACENZA;CERIGNALE;18;15;6;5;6;12;5;46;-;113
PIACENZA;COLI;128;108;45;44;86;61;53;449;1;975
PIACENZA;CORTE BRUGNATELLA;75;79;34;47;48;35;37;341;2;698
PIACENZA;CORTEMAGGIORE;482;486;295;314;442;411;310;1.258;6;4.004
PIACENZA;FARINI;158;145;49;74;94;84;55;687;1;1.347
PIACENZA;FERRIERE;153;139;58;73;85;83;52;593;2;1.238
PIACENZA;FIORENZUOLA D'ARDA;1.543;1.708;837;997;1.521;1.342;866;4.431;7;13.252
PIACENZA;GAZZOLA;259;266;157;164;227;227;165;784;-;2.249
PIACENZA;GOSSOLENGO;593;698;403;473;663;647;465;1.387;2;5.331
PIACENZA;GRAGNANO TREBBIENSE;529;545;283;321;414;413;287;1.293;1;4.086
PIACENZA;GROPPARELLO;272;246;137;146;172;201;122;1.014;-;2.310
PIACENZA;LUGAGNANO VAL D'ARDA;508;464;221;241;332;301;168;1.519;1;3.755
PIACENZA;MONTICELLI D'ONGINA;556;555;320;347;464;423;284;1.618;3;4.570
PIACENZA;MORFASSO;146;114;50;48;66;76;27;554;-;1.081
PIACENZA;NON DEFINITO PC;4;2;-;-;1;-;-;29;-;36
PIACENZA;OTTONE;57;60;21;26;46;39;29;242;-;520
PIACENZA;PIACENZA;10.174;10.667;5.808;6.775;8.854;9.503;7.296;26.701;79;85.857
PIACENZA;PIANELLO VAL TIDONE;271;232;130;158;187;212;122;786;-;2.098
PIACENZA;PIOZZANO;113;80;42;46;55;40;21;329;-;726
PIACENZA;PODENZANO;1.036;1.103;630;749;988;995;716;2.471;2;8.690
PIACENZA;PONTE DELL'OLIO;554;503;260;320;375;348;268;1.683;1;4.312
PIACENZA;PONTENURE;687;719;366;507;665;622;450;1.680;4;5.700
PIACENZA;RIVERGARO;778;821;476;599;769;768;511;1.994;2;6.718
PIACENZA;ROTTOFRENO;1.310;1.429;787;900;1.276;1.255;776;3.021;5;10.759
PIACENZA;SAN GIORGIO PIACENTINO;686;599;347;432;543;531;363;1.732;3;5.236
PIACENZA;SAN PIETRO IN CERRO;109;128;53;57;77;74;43;330;-;871
PIACENZA;SARMATO;364;291;173;206;248;286;193;974;4;2.739
PIACENZA;TRAVO;261;275;159;182;215;214;131;861;1;2.299
PIACENZA;VERNASCA;240;272;110;160;195;188;109;899;3;2.176
PIACENZA;VIGOLZONE;507;475;289;326;410;385;264;1.305;1;3.962
PIACENZA;VILLANOVA SULL'ARDA;195;217;122;117;199;180;114;551;4;1.699
PIACENZA;ZERBA;10;4;6;4;5;7;5;39;-;80
PIACENZA;ZIANO PIACENTINO;273;311;148;177;231;221;135;973;3;2.472
RAVENNA;ALFONSINE;1.432;1.478;710;847;1.023;973;696;3.929;6;11.094
RAVENNA;BAGNACAVALLO;2.054;1.980;944;1.141;1.438;1.433;976;5.771;5;15.742
RAVENNA;BAGNARA DI ROMAGNA;272;320;174;185;249;219;140;675;3;2.237
RAVENNA;BRISIGHELLA;965;920;445;477;579;563;423;3.124;1;7.497
RAVENNA;CASOLA VALSENIO;304;284;136;169;201;178;126;1.192;2;2.592
RAVENNA;CASTEL BOLOGNESE;1.076;1.098;541;623;841;841;578;2.600;2;8.200
RAVENNA;CERVIA;3.509;3.603;1.740;2.085;2.792;2.774;1.983;9.101;8;27.595
RAVENNA;CONSELICE;1.178;1.136;531;612;785;716;486;3.802;4;9.250
RAVENNA;COTIGNOLA;863;937;476;584;704;710;467;2.129;4;6.874
RAVENNA;FAENZA;6.877;7.192;3.534;4.013;5.641;5.692;4.400;17.435;21;54.805
RAVENNA;FUSIGNANO;925;964;504;518;648;653;411;2.662;2;7.287
RAVENNA;LUGO;3.774;3.887;1.910;2.270;2.876;2.793;1.971;10.319;15;29.815
RAVENNA;MASSA LOMBARDA;1.182;1.113;552;676;798;789;518;3.312;4;8.944
RAVENNA;NON DEFINITO RA;-;-;-;-;-;-;-;46;-;46
RAVENNA;RAVENNA;18.587;19.684;10.442;11.754;15.106;15.534;11.550;46.582;60;149.299
RAVENNA;RIOLO TERME;671;678;364;360;475;420;307;1.911;3;5.189
RAVENNA;RUSSI;1.487;1.449;719;859;1.148;1.119;797;3.658;4;11.240
RAVENNA;SANT'AGATA SUL SANTERNO;361;398;205;244;312;292;218;906;-;2.936
RAVENNA;SOLAROLO;500;475;249;303;359;386;271;1.339;2;3.884
REGGIO EMILIA;ALBINEA;889;986;598;759;921;907;729;2.361;2;8.152
REGGIO EMILIA;BAGNOLO IN PIANO;1.067;992;558;604;835;762;616;2.377;3;7.814
REGGIO EMILIA;BAISO;393;370;225;244;350;306;217;1.199;1;3.305
REGGIO EMILIA;BIBBIANO;1.273;1.333;758;834;982;959;752;3.456;8;10.355
REGGIO EMILIA;BORETTO;557;516;327;372;525;471;319;1.533;-;4.620
REGGIO EMILIA;BRESCELLO;636;643;374;430;602;636;626;1.793;-;5.740
REGGIO EMILIA;CADELBOSCO DI SOPRA;1.216;1.109;606;764;1.043;950;688;3.083;5;9.464
REGGIO EMILIA;CAMPAGNOLA EMILIA;525;599;331;360;494;493;337;1.490;-;4.629
REGGIO EMILIA;CAMPEGINE;518;544;276;378;433;442;317;1.355;2;4.265
REGGIO EMILIA;CANOSSA;481;441;222;235;341;343;236;1.473;-;3.772
REGGIO EMILIA;CARPINETI;504;522;263;284;415;362;258;1.627;2;4.237
REGGIO EMILIA;CASALGRANDE;2.189;2.112;1.232;1.531;2.212;1.972;1.271;5.097;7;17.623
REGGIO EMILIA;CASINA;587;518;289;339;362;398;256;1.721;1;4.471
REGGIO EMILIA;CASTELLARANO;1.664;1.668;995;1.220;1.851;1.598;1.121;4.052;4;14.173
REGGIO EMILIA;CASTELNOVO DI SOTTO;924;888;479;574;714;751;476;2.436;2;7.244
REGGIO EMILIA;CASTELNOVO NE' MONTI;1.271;1.343;678;829;1.031;982;649;3.562;2;10.347
REGGIO EMILIA;CAVRIAGO;1.169;1.083;565;763;999;954;593;2.596;1;8.723
REGGIO EMILIA;CORREGGIO;2.642;2.737;1.590;1.837;2.368;2.261;1.682;6.691;10;21.818
REGGIO EMILIA;FABBRICO;658;607;327;459;507;506;387;1.326;1;4.778
REGGIO EMILIA;GATTATICO;632;680;349;425;586;607;439;1.790;3;5.511
REGGIO EMILIA;GUALTIERI;695;640;385;449;589;531;359;2.083;4;5.735
REGGIO EMILIA;GUASTALLA;1.397;1.507;915;1.090;1.359;1.284;882;3.528;3;11.965
REGGIO EMILIA;LUZZARA;871;870;503;537;736;722;508;2.119;6;6.872
REGGIO EMILIA;MONTECCHIO EMILIA;1.127;1.212;630;786;1.050;977;661;2.969;7;9.419
REGGIO EMILIA;NON DEFINITO RE;-;-;1;-;-;-;-;11;-;12
REGGIO EMILIA;NOVELLARA;1.455;1.480;809;881;1.138;1.093;700;3.570;2;11.128
REGGIO EMILIA;POVIGLIO;840;791;393;523;659;597;409;2.494;3;6.709
REGGIO EMILIA;QUATTRO CASTELLA;1.426;1.530;889;1.028;1.337;1.373;983;3.469;5;12.040
REGGIO EMILIA;REGGIOLO;954;973;522;629;845;855;531;2.272;1;7.582
REGGIO EMILIA;REGGIO NELL'EMILIA;18.630;18.803;10.075;12.304;16.110;16.360;12.262;41.880;74;146.498
REGGIO EMILIA;RIO SALICETO;698;660;348;447;610;534;360;1.572;3;5.232
REGGIO EMILIA;ROLO;368;358;222;274;346;295;220;885;1;2.969
REGGIO EMILIA;RUBIERA;1.534;1.691;918;1.165;1.442;1.537;1.027;3.288;3;12.605
REGGIO EMILIA;SAN MARTINO IN RIO;899;881;531;599;733;765;500;1.978;3;6.889
REGGIO EMILIA;SAN POLO D'ENZA;821;745;375;437;556;524;337;2.215;3;6.013
REGGIO EMILIA;SANT'ILARIO D'ENZA;1.259;1.252;666;799;1.035;1.044;694;2.688;8;9.445
REGGIO EMILIA;SCANDIANO;2.839;2.942;1.719;2.055;2.698;2.635;1.704;6.721;13;23.326
REGGIO EMILIA;TOANO;535;456;247;315;425;386;252;1.533;2;4.151
REGGIO EMILIA;VENTASSO;511;473;272;295;379;361;204;1.539;-;4.034
REGGIO EMILIA;VETTO;229;212;115;138;172;161;118;723;1;1.869
REGGIO EMILIA;VEZZANO SUL CROSTOLO;563;489;278;284;393;376;308;1.180;-;3.871
REGGIO EMILIA;VIANO;439;408;217;262;351;313;225;1.209;-;3.424
REGGIO EMILIA;VILLA MINOZZO;466;464;182;243;323;287;175;1.272;2;3.414
RIMINI;BELLARIA IGEA MARINA;2.360;2.400;1.116;1.223;1.564;1.623;1.187;5.690;9;17.172
RIMINI;CASTELDELCI;63;50;15;20;29;30;21;211;-;439
RIMINI;CATTOLICA;2.292;2.188;926;1.154;1.551;1.597;1.094;5.521;10;16.333
RIMINI;CORIANO;1.463;1.537;726;834;1.085;1.115;862;3.733;4;11.359
RIMINI;GEMMANO;171;132;61;69;70;87;64;599;-;1.253
RIMINI;MAIOLO;125;98;46;51;58;48;59;321;-;806
RIMINI;MISANO ADRIATICO;1.916;1.944;907;1.039;1.335;1.400;1.076;4.656;10;14.283
RIMINI;MONDAINO;182;183;55;91;100;112;83;561;-;1.367
RIMINI;MONTECOPIOLO;196;135;48;52;68;67;44;603;2;1.215
RIMINI;MONTEFIORE CONCA;304;288;149;140;185;208;126;870;1;2.271
RIMINI;MONTEGRIDOLFO;121;152;51;68;77;92;58;453;1;1.073
RIMINI;MONTESCUDO-MONTE COLOMBO;876;856;369;425;559;624;430;2.217;-;6.356
RIMINI;MORCIANO DI ROMAGNA;907;904;426;457;679;617;449;2.273;2;6.714
RIMINI;NON DEFINITO RN;-;-;-;-;-;-;-;4;-;4
RIMINI;NOVAFELTRIA;885;849;371;465;561;586;400;2.467;-;6.584
RIMINI;PENNABILLI;384;342;151;177;196;219;141;1.147;-;2.757
RIMINI;POGGIO TORRIANA;729;722;341;362;532;499;423;2.001;1;5.610
RIMINI;RICCIONE;4.530;4.692;2.127;2.453;3.064;3.264;2.304;11.328;28;33.790
RIMINI;RIMINI;19.187;19.657;9.154;10.054;12.695;13.870;10.671;43.669;96;139.053
RIMINI;SALUDECIO;423;411;151;172;265;244;215;1.260;1;3.142
RIMINI;SAN CLEMENTE;776;822;356;441;548;598;396;1.769;3;5.709
RIMINI;SAN GIOVANNI IN MARIGNANO;1.404;1.378;649;749;1.030;1.066;692;3.437;13;10.418
RIMINI;SAN LEO;373;320;150;173;210;237;150;1.052;3;2.668
RIMINI;SANT'AGATA FELTRIA;269;200;107;130;182;139;117;711;1;1.856
RIMINI;SANTARCANGELO DI ROMAGNA;2.847;3.018;1.418;1.673;2.044;2.105;1.594;7.016;13;21.728
RIMINI;SASSOFELTRIO;259;189;79;102;85;113;81;660;-;1.568
RIMINI;TALAMELLO;143;140;65;84;90;98;62;395;-;1.077
RIMINI;VERUCCHIO;1.298;1.267;611;648;883;968;766;2.824;5;9.270
;Somma:;486.207;497.307;265.280;314.696;414.429;416.732;305.323;1.232.593;1.985;3.934.552
;;;;;;;;;;;
