filename,status, issue_cause downloadURL, issue_cause accessURL
Electricity consumption 2013 Copenhagen Municipality.ods,issue,no download url available,Error: Request failed with status code 403
Electricity consumption 2014 Copenhagen Municipality.ods,issue,no download url available,Error: Request failed with status code 403
Energy consumption Copenhagen 2014.ods,issue,no download url available,Error: Request failed with status code 403
Energy consumption Copenhagen 2013.ods,issue,no download url available,Error: Request failed with status code 403
