AA_BIL;DESCR_AREA;DESCR_FUNZIONE;DESCR_TITOLO;DESCR_CEC;DESCR_TRASF;STANZ_INIZIALE
2014;ORGANI ISTITUZIONALI;ORGANI LEGISLATIVI, ESECUTIVI E DI CONTROLLO;TITOLO I - SPESE CORRENTI;SERVIZI DEGLI ORGANI COSTITUZIONALI DELLA REGIONE         ;;33302828,94
2014;ORGANI ISTITUZIONALI;ORGANI LEGISLATIVI, ESECUTIVI E DI CONTROLLO;TITOLO I - SPESE CORRENTI;SPESE PER IL PERSONALE;;0,00
2014;ORGANI ISTITUZIONALI;ORGANI LEGISLATIVI, ESECUTIVI E DI CONTROLLO;TITOLO I - SPESE CORRENTI;ACQUISTO DI BENI E SERVIZI;;50000,00
2014;AFFARI GENERALI;AMMINISTRAZIONE REGIONALE;TITOLO I - SPESE CORRENTI;SPESE PER IL PERSONALE;;139906188,18
2014;AFFARI GENERALI;AMMINISTRAZIONE REGIONALE;TITOLO I - SPESE CORRENTI;ACQUISTO DI BENI E SERVIZI;;83501008,97
2014;AFFARI GENERALI;AMMINISTRAZIONE REGIONALE;TITOLO I - SPESE CORRENTI;IMPOSTE E TASSE         ;;12726760,17
2014;AFFARI GENERALI;AMMINISTRAZIONE REGIONALE;TITOLO I - SPESE CORRENTI;TRASFERIMENTI CORRENTI;ALLO STATO E AD ALTRI ENTI DEL SETTORE STATALE;12000,00
2014;AFFARI GENERALI;AMMINISTRAZIONE REGIONALE;TITOLO I - SPESE CORRENTI;TRASFERIMENTI CORRENTI;AI COMUNI;150000,00
2014;AFFARI GENERALI;AMMINISTRAZIONE REGIONALE;TITOLO I - SPESE CORRENTI;TRASFERIMENTI CORRENTI;ALLE PROVINCE;0,00
2014;AFFARI GENERALI;AMMINISTRAZIONE REGIONALE;TITOLO I - SPESE CORRENTI;TRASFERIMENTI CORRENTI;AI CONSORZI ED AZIENDE DI ENTI LOCALI E ALLE COMUNITA' MONTANE;1500000,00
2014;AFFARI GENERALI;AMMINISTRAZIONE REGIONALE;TITOLO I - SPESE CORRENTI;TRASFERIMENTI CORRENTI;AD ALTRI ENTI DEL SETTORE PUBBLICO ALLARGATO;0,00
2014;AFFARI GENERALI;AMMINISTRAZIONE REGIONALE;TITOLO I - SPESE CORRENTI;TRASFERIMENTI CORRENTI;AL SETTORE PRIVATO;100060,00
2014;AFFARI GENERALI;AMMINISTRAZIONE REGIONALE;TITOLO I - SPESE CORRENTI;INTERESSI PASSIVI;;210000,00
2014;AFFARI GENERALI;AMMINISTRAZIONE REGIONALE;TITOLO I - SPESE CORRENTI;ALTRE SPESE CORRENTI;;2117000,00
2014;AFFARI GENERALI;AMMINISTRAZIONE REGIONALE;TITOLO I - SPESE CORRENTI;SOMME NON ATTRIBUIBILI         ;;310000,00
2014;AFFARI GENERALI;AMMINISTRAZIONE REGIONALE;TITOLO II - SPESE D'INVESTIMENTO;BENI ED OPERE IMMOBILIARI;;28226337,40
2014;AFFARI GENERALI;AMMINISTRAZIONE REGIONALE;TITOLO II - SPESE D'INVESTIMENTO;BENI MOBILI, MACCHINE ED ATTREZZATURE TECNICO-SCIENTIFICHE;;11318001,97
2014;AFFARI GENERALI;AMMINISTRAZIONE REGIONALE;TITOLO II - SPESE D'INVESTIMENTO;TRASFERIMENTI IN CONTO CAPITALE;AI COMUNI;290000,00
2014;AFFARI GENERALI;AUTONOMIE LOCALI - ESERCIZIO DELLE FUNZIONI DELEGATE;TITOLO I - SPESE CORRENTI;ACQUISTO DI BENI E SERVIZI;;0,00
2014;AFFARI GENERALI;AUTONOMIE LOCALI - ESERCIZIO DELLE FUNZIONI DELEGATE;TITOLO I - SPESE CORRENTI;TRASFERIMENTI CORRENTI;AI COMUNI;26113699,54
2014;AFFARI GENERALI;AUTONOMIE LOCALI - ESERCIZIO DELLE FUNZIONI DELEGATE;TITOLO I - SPESE CORRENTI;TRASFERIMENTI CORRENTI;ALLE PROVINCE;11577735,91
2014;AFFARI GENERALI;AUTONOMIE LOCALI - ESERCIZIO DELLE FUNZIONI DELEGATE;TITOLO I - SPESE CORRENTI;TRASFERIMENTI CORRENTI;AI CONSORZI ED AZIENDE DI ENTI LOCALI E ALLE COMUNITA' MONTANE;0,00
2014;AFFARI GENERALI;AUTONOMIE LOCALI - ESERCIZIO DELLE FUNZIONI DELEGATE;TITOLO I - SPESE CORRENTI;TRASFERIMENTI CORRENTI;AD ALTRI ENTI DEL SETTORE PUBBLICO ALLARGATO;10736834,55
2014;AFFARI GENERALI;AUTONOMIE LOCALI - ESERCIZIO DELLE FUNZIONI DELEGATE;TITOLO II - SPESE D'INVESTIMENTO;TRASFERIMENTI IN CONTO CAPITALE;AI COMUNI;811000,00
2014;AFFARI GENERALI;AUTONOMIE LOCALI - ESERCIZIO DELLE FUNZIONI DELEGATE;TITOLO II - SPESE D'INVESTIMENTO;TRASFERIMENTI IN CONTO CAPITALE;AI CONSORZI ED AZIENDE DI ENTI LOCALI E ALLE COMUNITA' MONTANE;10150587,38
2014;AFFARI GENERALI;AUTONOMIE LOCALI - ESERCIZIO DELLE FUNZIONI DELEGATE;TITOLO II - SPESE D'INVESTIMENTO;TRASFERIMENTI IN CONTO CAPITALE;AD ALTRI ENTI DEL SETTORE PUBBLICO ALLARGATO;0,00
2014;AFFARI GENERALI;ALTRI INTERVENTI GENERALI;TITOLO I - SPESE CORRENTI;ACQUISTO DI BENI E SERVIZI;;4888266,56
2014;AFFARI GENERALI;ALTRI INTERVENTI GENERALI;TITOLO I - SPESE CORRENTI;TRASFERIMENTI CORRENTI;ALLO STATO E AD ALTRI ENTI DEL SETTORE STATALE;0,00
2014;AFFARI GENERALI;ALTRI INTERVENTI GENERALI;TITOLO I - SPESE CORRENTI;TRASFERIMENTI CORRENTI;AI COMUNI;1110000,00
2014;AFFARI GENERALI;ALTRI INTERVENTI GENERALI;TITOLO I - SPESE CORRENTI;TRASFERIMENTI CORRENTI;ALLE PROVINCE;100000,00
2014;AFFARI GENERALI;ALTRI INTERVENTI GENERALI;TITOLO I - SPESE CORRENTI;TRASFERIMENTI CORRENTI;AD ALTRI ENTI DEL SETTORE PUBBLICO ALLARGATO;281000,00
2014;AFFARI GENERALI;ALTRI INTERVENTI GENERALI;TITOLO I - SPESE CORRENTI;TRASFERIMENTI CORRENTI;AL SETTORE PRIVATO;4000880,00
2014;AFFARI GENERALI;ALTRI INTERVENTI GENERALI;TITOLO II - SPESE D'INVESTIMENTO;BENI MOBILI, MACCHINE ED ATTREZZATURE TECNICO-SCIENTIFICHE;;252890,15
2014;AFFARI GENERALI;ALTRI INTERVENTI GENERALI;TITOLO II - SPESE D'INVESTIMENTO;TRASFERIMENTI IN CONTO CAPITALE;ALLO STATO E AD ALTRI ENTI DEL SETTORE STATALE;0,00
2014;AFFARI GENERALI;ALTRI INTERVENTI GENERALI;TITOLO II - SPESE D'INVESTIMENTO;TRASFERIMENTI IN CONTO CAPITALE;AI COMUNI;2377256,36
2014;INTERVENTI PER LO SVILUPPO ECONOMICO;AGRICOLTURA;TITOLO I - SPESE CORRENTI;SPESE PER IL PERSONALE;;0,00
2014;INTERVENTI PER LO SVILUPPO ECONOMICO;AGRICOLTURA;TITOLO I - SPESE CORRENTI;ACQUISTO DI BENI E SERVIZI;;3426934,24
2014;INTERVENTI PER LO SVILUPPO ECONOMICO;AGRICOLTURA;TITOLO I - SPESE CORRENTI;TRASFERIMENTI CORRENTI;ALLO STATO E AD ALTRI ENTI DEL SETTORE STATALE;171200,00
2014;INTERVENTI PER LO SVILUPPO ECONOMICO;AGRICOLTURA;TITOLO I - SPESE CORRENTI;TRASFERIMENTI CORRENTI;AI COMUNI;50000,00
2014;INTERVENTI PER LO SVILUPPO ECONOMICO;AGRICOLTURA;TITOLO I - SPESE CORRENTI;TRASFERIMENTI CORRENTI;ALLE PROVINCE;151539,76
2014;INTERVENTI PER LO SVILUPPO ECONOMICO;AGRICOLTURA;TITOLO I - SPESE CORRENTI;TRASFERIMENTI CORRENTI;AI CONSORZI ED AZIENDE DI ENTI LOCALI E ALLE COMUNITA' MONTANE;780670,00
2014;INTERVENTI PER LO SVILUPPO ECONOMICO;AGRICOLTURA;TITOLO I - SPESE CORRENTI;TRASFERIMENTI CORRENTI;AL SETTORE PRIVATO;5380292,06
2014;INTERVENTI PER LO SVILUPPO ECONOMICO;AGRICOLTURA;TITOLO II - SPESE D'INVESTIMENTO;BENI ED OPERE IMMOBILIARI;;2631606,28
2014;INTERVENTI PER LO SVILUPPO ECONOMICO;AGRICOLTURA;TITOLO II - SPESE D'INVESTIMENTO;BENI MOBILI, MACCHINE ED ATTREZZATURE TECNICO-SCIENTIFICHE;;40000,00
2014;INTERVENTI PER LO SVILUPPO ECONOMICO;AGRICOLTURA;TITOLO II - SPESE D'INVESTIMENTO;TRASFERIMENTI IN CONTO CAPITALE;ALLO STATO E AD ALTRI ENTI DEL SETTORE STATALE;0,00
2014;INTERVENTI PER LO SVILUPPO ECONOMICO;AGRICOLTURA;TITOLO II - SPESE D'INVESTIMENTO;TRASFERIMENTI IN CONTO CAPITALE;AI COMUNI;700000,00
2014;INTERVENTI PER LO SVILUPPO ECONOMICO;AGRICOLTURA;TITOLO II - SPESE D'INVESTIMENTO;TRASFERIMENTI IN CONTO CAPITALE;ALLE PROVINCE;50270,15
2014;INTERVENTI PER LO SVILUPPO ECONOMICO;AGRICOLTURA;TITOLO II - SPESE D'INVESTIMENTO;TRASFERIMENTI IN CONTO CAPITALE;AI CONSORZI ED AZIENDE DI ENTI LOCALI E ALLE COMUNITA' MONTANE;7940000,00
2014;INTERVENTI PER LO SVILUPPO ECONOMICO;AGRICOLTURA;TITOLO II - SPESE D'INVESTIMENTO;TRASFERIMENTI IN CONTO CAPITALE;AD ALTRI ENTI DEL SETTORE PUBBLICO ALLARGATO;100000,00
2014;INTERVENTI PER LO SVILUPPO ECONOMICO;AGRICOLTURA;TITOLO II - SPESE D'INVESTIMENTO;TRASFERIMENTI IN CONTO CAPITALE;AL SETTORE PRIVATO;13819066,66
2014;INTERVENTI PER LO SVILUPPO ECONOMICO;INDUSTRIA - COOPERAZIONE - ARTIGIANATO E PROBLEMI DEL LAVORO;TITOLO I - SPESE CORRENTI;ACQUISTO DI BENI E SERVIZI;;16989233,93
2014;INTERVENTI PER LO SVILUPPO ECONOMICO;INDUSTRIA - COOPERAZIONE - ARTIGIANATO E PROBLEMI DEL LAVORO;TITOLO I - SPESE CORRENTI;TRASFERIMENTI CORRENTI;ALLO STATO E AD ALTRI ENTI DEL SETTORE STATALE;0,00
2014;INTERVENTI PER LO SVILUPPO ECONOMICO;INDUSTRIA - COOPERAZIONE - ARTIGIANATO E PROBLEMI DEL LAVORO;TITOLO I - SPESE CORRENTI;TRASFERIMENTI CORRENTI;AI COMUNI;600000,00
2014;INTERVENTI PER LO SVILUPPO ECONOMICO;INDUSTRIA - COOPERAZIONE - ARTIGIANATO E PROBLEMI DEL LAVORO;TITOLO I - SPESE CORRENTI;TRASFERIMENTI CORRENTI;ALLE PROVINCE;3488759,00
2014;INTERVENTI PER LO SVILUPPO ECONOMICO;INDUSTRIA - COOPERAZIONE - ARTIGIANATO E PROBLEMI DEL LAVORO;TITOLO I - SPESE CORRENTI;TRASFERIMENTI CORRENTI;AD ALTRI ENTI DEL SETTORE PUBBLICO ALLARGATO;1617441,11
2014;INTERVENTI PER LO SVILUPPO ECONOMICO;INDUSTRIA - COOPERAZIONE - ARTIGIANATO E PROBLEMI DEL LAVORO;TITOLO I - SPESE CORRENTI;TRASFERIMENTI CORRENTI;AL SETTORE PRIVATO;38773820,95
2014;INTERVENTI PER LO SVILUPPO ECONOMICO;INDUSTRIA - COOPERAZIONE - ARTIGIANATO E PROBLEMI DEL LAVORO;TITOLO II - SPESE D'INVESTIMENTO;BENI ED OPERE IMMOBILIARI;;39537321,91
2014;INTERVENTI PER LO SVILUPPO ECONOMICO;INDUSTRIA - COOPERAZIONE - ARTIGIANATO E PROBLEMI DEL LAVORO;TITOLO II - SPESE D'INVESTIMENTO;BENI MOBILI, MACCHINE ED ATTREZZATURE TECNICO-SCIENTIFICHE;;0,00
2014;INTERVENTI PER LO SVILUPPO ECONOMICO;INDUSTRIA - COOPERAZIONE - ARTIGIANATO E PROBLEMI DEL LAVORO;TITOLO II - SPESE D'INVESTIMENTO;TRASFERIMENTI IN CONTO CAPITALE;ALLO STATO E AD ALTRI ENTI DEL SETTORE STATALE;47695,65
2014;INTERVENTI PER LO SVILUPPO ECONOMICO;INDUSTRIA - COOPERAZIONE - ARTIGIANATO E PROBLEMI DEL LAVORO;TITOLO II - SPESE D'INVESTIMENTO;TRASFERIMENTI IN CONTO CAPITALE;AI COMUNI;22561481,70
2014;INTERVENTI PER LO SVILUPPO ECONOMICO;INDUSTRIA - COOPERAZIONE - ARTIGIANATO E PROBLEMI DEL LAVORO;TITOLO II - SPESE D'INVESTIMENTO;TRASFERIMENTI IN CONTO CAPITALE;ALLE PROVINCE;39925355,53
2014;INTERVENTI PER LO SVILUPPO ECONOMICO;INDUSTRIA - COOPERAZIONE - ARTIGIANATO E PROBLEMI DEL LAVORO;TITOLO II - SPESE D'INVESTIMENTO;TRASFERIMENTI IN CONTO CAPITALE;AD ALTRI ENTI DEL SETTORE PUBBLICO ALLARGATO;13554512,60
2014;INTERVENTI PER LO SVILUPPO ECONOMICO;INDUSTRIA - COOPERAZIONE - ARTIGIANATO E PROBLEMI DEL LAVORO;TITOLO II - SPESE D'INVESTIMENTO;TRASFERIMENTI IN CONTO CAPITALE;AL SETTORE PRIVATO;107871379,73
2014;INTERVENTI PER LO SVILUPPO ECONOMICO;INDUSTRIA - COOPERAZIONE - ARTIGIANATO E PROBLEMI DEL LAVORO;TITOLO II - SPESE D'INVESTIMENTO;PARTECIPAZIONI AZIONARIE E CONFERIMENTI;;530731,74
2014;INTERVENTI PER LO SVILUPPO ECONOMICO;TURISMO;TITOLO I - SPESE CORRENTI;ACQUISTO DI BENI E SERVIZI;;10305581,13
2014;INTERVENTI PER LO SVILUPPO ECONOMICO;TURISMO;TITOLO I - SPESE CORRENTI;TRASFERIMENTI CORRENTI;AI COMUNI;695500,00
2014;INTERVENTI PER LO SVILUPPO ECONOMICO;TURISMO;TITOLO I - SPESE CORRENTI;TRASFERIMENTI CORRENTI;ALLE PROVINCE;3150000,00
2014;INTERVENTI PER LO SVILUPPO ECONOMICO;TURISMO;TITOLO I - SPESE CORRENTI;TRASFERIMENTI CORRENTI;AI CONSORZI ED AZIENDE DI ENTI LOCALI E ALLE COMUNITA' MONTANE;74937,00
2014;INTERVENTI PER LO SVILUPPO ECONOMICO;TURISMO;TITOLO I - SPESE CORRENTI;TRASFERIMENTI CORRENTI;AD ALTRI ENTI DEL SETTORE PUBBLICO ALLARGATO;0,00
2014;INTERVENTI PER LO SVILUPPO ECONOMICO;TURISMO;TITOLO I - SPESE CORRENTI;TRASFERIMENTI CORRENTI;AL SETTORE PRIVATO;5715100,00
2014;INTERVENTI PER LO SVILUPPO ECONOMICO;TURISMO;TITOLO II - SPESE D'INVESTIMENTO;TRASFERIMENTI IN CONTO CAPITALE;AI COMUNI;3748599,13
2014;INTERVENTI PER LO SVILUPPO ECONOMICO;TURISMO;TITOLO II - SPESE D'INVESTIMENTO;TRASFERIMENTI IN CONTO CAPITALE;ALLE PROVINCE;26198,68
2014;INTERVENTI PER LO SVILUPPO ECONOMICO;TURISMO;TITOLO II - SPESE D'INVESTIMENTO;TRASFERIMENTI IN CONTO CAPITALE;AL SETTORE PRIVATO;5500000,00
2014;INTERVENTI PER LO SVILUPPO ECONOMICO;COMMERCIO;TITOLO I - SPESE CORRENTI;ACQUISTO DI BENI E SERVIZI;;404385,03
2014;INTERVENTI PER LO SVILUPPO ECONOMICO;COMMERCIO;TITOLO I - SPESE CORRENTI;TRASFERIMENTI CORRENTI;ALLE PROVINCE;1000000,00
2014;INTERVENTI PER LO SVILUPPO ECONOMICO;COMMERCIO;TITOLO I - SPESE CORRENTI;TRASFERIMENTI CORRENTI;AL SETTORE PRIVATO;620000,00
2014;INTERVENTI PER LO SVILUPPO ECONOMICO;COMMERCIO;TITOLO II - SPESE D'INVESTIMENTO;TRASFERIMENTI IN CONTO CAPITALE;ALLE PROVINCE;0,00
2014;INTERVENTI PER LO SVILUPPO ECONOMICO;COMMERCIO;TITOLO II - SPESE D'INVESTIMENTO;TRASFERIMENTI IN CONTO CAPITALE;AL SETTORE PRIVATO;3030000,00
2014;INTERVENTI PER LO SVILUPPO ECONOMICO;COMMERCIO;TITOLO II - SPESE D'INVESTIMENTO;PARTECIPAZIONI AZIONARIE E CONFERIMENTI;;0,00
2014;USO, SALVAGUARDIA E SVILUPPO DEL TERRITORIO;URBANISTICA E POLITICHE PER LA CASA;TITOLO I - SPESE CORRENTI;ACQUISTO DI BENI E SERVIZI;;4878247,29
2014;USO, SALVAGUARDIA E SVILUPPO DEL TERRITORIO;URBANISTICA E POLITICHE PER LA CASA;TITOLO I - SPESE CORRENTI;TRASFERIMENTI CORRENTI;ALLO STATO E AD ALTRI ENTI DEL SETTORE STATALE;0,00
2014;USO, SALVAGUARDIA E SVILUPPO DEL TERRITORIO;URBANISTICA E POLITICHE PER LA CASA;TITOLO I - SPESE CORRENTI;TRASFERIMENTI CORRENTI;AI COMUNI;4271175,00
2014;USO, SALVAGUARDIA E SVILUPPO DEL TERRITORIO;URBANISTICA E POLITICHE PER LA CASA;TITOLO I - SPESE CORRENTI;TRASFERIMENTI CORRENTI;ALLE PROVINCE;0,00
2014;USO, SALVAGUARDIA E SVILUPPO DEL TERRITORIO;URBANISTICA E POLITICHE PER LA CASA;TITOLO I - SPESE CORRENTI;TRASFERIMENTI CORRENTI;AL SETTORE PRIVATO;430000,00
2014;USO, SALVAGUARDIA E SVILUPPO DEL TERRITORIO;URBANISTICA E POLITICHE PER LA CASA;TITOLO I - SPESE CORRENTI;SOMME NON ATTRIBUIBILI         ;;36646,36
2014;USO, SALVAGUARDIA E SVILUPPO DEL TERRITORIO;URBANISTICA E POLITICHE PER LA CASA;TITOLO II - SPESE D'INVESTIMENTO;TRASFERIMENTI IN CONTO CAPITALE;AI COMUNI;112527628,38
2014;USO, SALVAGUARDIA E SVILUPPO DEL TERRITORIO;URBANISTICA E POLITICHE PER LA CASA;TITOLO II - SPESE D'INVESTIMENTO;TRASFERIMENTI IN CONTO CAPITALE;AL SETTORE PRIVATO;106729667,42
2014;USO, SALVAGUARDIA E SVILUPPO DEL TERRITORIO;URBANISTICA E POLITICHE PER LA CASA;TITOLO II - SPESE D'INVESTIMENTO;CONCESSIONI DI CREDITI ED ANTICIPAZIONI;;33168198,31
2014;USO, SALVAGUARDIA E SVILUPPO DEL TERRITORIO;TUTELA E VALORIZZAZIONE DELL'AMBIENTE;TITOLO I - SPESE CORRENTI;ACQUISTO DI BENI E SERVIZI;;7887187,79
2014;USO, SALVAGUARDIA E SVILUPPO DEL TERRITORIO;TUTELA E VALORIZZAZIONE DELL'AMBIENTE;TITOLO I - SPESE CORRENTI;TRASFERIMENTI CORRENTI;ALLO STATO E AD ALTRI ENTI DEL SETTORE STATALE;25000,00
2014;USO, SALVAGUARDIA E SVILUPPO DEL TERRITORIO;TUTELA E VALORIZZAZIONE DELL'AMBIENTE;TITOLO I - SPESE CORRENTI;TRASFERIMENTI CORRENTI;AI COMUNI;1510153,14
2014;USO, SALVAGUARDIA E SVILUPPO DEL TERRITORIO;TUTELA E VALORIZZAZIONE DELL'AMBIENTE;TITOLO I - SPESE CORRENTI;TRASFERIMENTI CORRENTI;ALLE PROVINCE;7503263,05
2014;USO, SALVAGUARDIA E SVILUPPO DEL TERRITORIO;TUTELA E VALORIZZAZIONE DELL'AMBIENTE;TITOLO I - SPESE CORRENTI;TRASFERIMENTI CORRENTI;AI CONSORZI ED AZIENDE DI ENTI LOCALI E ALLE COMUNITA' MONTANE;5944341,83
2014;USO, SALVAGUARDIA E SVILUPPO DEL TERRITORIO;TUTELA E VALORIZZAZIONE DELL'AMBIENTE;TITOLO I - SPESE CORRENTI;TRASFERIMENTI CORRENTI;AD ALTRI ENTI DEL SETTORE PUBBLICO ALLARGATO;4134209,00
2014;USO, SALVAGUARDIA E SVILUPPO DEL TERRITORIO;TUTELA E VALORIZZAZIONE DELL'AMBIENTE;TITOLO I - SPESE CORRENTI;TRASFERIMENTI CORRENTI;AL SETTORE PRIVATO;3225686,71
2014;USO, SALVAGUARDIA E SVILUPPO DEL TERRITORIO;TUTELA E VALORIZZAZIONE DELL'AMBIENTE;TITOLO II - SPESE D'INVESTIMENTO;BENI ED OPERE IMMOBILIARI;;59962624,96
2014;USO, SALVAGUARDIA E SVILUPPO DEL TERRITORIO;TUTELA E VALORIZZAZIONE DELL'AMBIENTE;TITOLO II - SPESE D'INVESTIMENTO;BENI MOBILI, MACCHINE ED ATTREZZATURE TECNICO-SCIENTIFICHE;;701434,66
2014;USO, SALVAGUARDIA E SVILUPPO DEL TERRITORIO;TUTELA E VALORIZZAZIONE DELL'AMBIENTE;TITOLO II - SPESE D'INVESTIMENTO;TRASFERIMENTI IN CONTO CAPITALE;ALLO STATO E AD ALTRI ENTI DEL SETTORE STATALE;0,00
2014;USO, SALVAGUARDIA E SVILUPPO DEL TERRITORIO;TUTELA E VALORIZZAZIONE DELL'AMBIENTE;TITOLO II - SPESE D'INVESTIMENTO;TRASFERIMENTI IN CONTO CAPITALE;AI COMUNI;19905708,70
2014;USO, SALVAGUARDIA E SVILUPPO DEL TERRITORIO;TUTELA E VALORIZZAZIONE DELL'AMBIENTE;TITOLO II - SPESE D'INVESTIMENTO;TRASFERIMENTI IN CONTO CAPITALE;ALLE PROVINCE;35322167,77
2014;USO, SALVAGUARDIA E SVILUPPO DEL TERRITORIO;TUTELA E VALORIZZAZIONE DELL'AMBIENTE;TITOLO II - SPESE D'INVESTIMENTO;TRASFERIMENTI IN CONTO CAPITALE;AI CONSORZI ED AZIENDE DI ENTI LOCALI E ALLE COMUNITA' MONTANE;3000000,00
2014;USO, SALVAGUARDIA E SVILUPPO DEL TERRITORIO;TUTELA E VALORIZZAZIONE DELL'AMBIENTE;TITOLO II - SPESE D'INVESTIMENTO;TRASFERIMENTI IN CONTO CAPITALE;AD ALTRI ENTI DEL SETTORE PUBBLICO ALLARGATO;1364764,91
2014;USO, SALVAGUARDIA E SVILUPPO DEL TERRITORIO;TUTELA E VALORIZZAZIONE DELL'AMBIENTE;TITOLO II - SPESE D'INVESTIMENTO;TRASFERIMENTI IN CONTO CAPITALE;AL SETTORE PRIVATO;10958330,39
2014;USO, SALVAGUARDIA E SVILUPPO DEL TERRITORIO;TRASPORTI E MOBILITA';TITOLO I - SPESE CORRENTI;ACQUISTO DI BENI E SERVIZI;;3426032,98
2014;USO, SALVAGUARDIA E SVILUPPO DEL TERRITORIO;TRASPORTI E MOBILITA';TITOLO I - SPESE CORRENTI;TRASFERIMENTI CORRENTI;ALLO STATO E AD ALTRI ENTI DEL SETTORE STATALE;134124,51
2014;USO, SALVAGUARDIA E SVILUPPO DEL TERRITORIO;TRASPORTI E MOBILITA';TITOLO I - SPESE CORRENTI;TRASFERIMENTI CORRENTI;AI COMUNI;450000,00
2014;USO, SALVAGUARDIA E SVILUPPO DEL TERRITORIO;TRASPORTI E MOBILITA';TITOLO I - SPESE CORRENTI;TRASFERIMENTI CORRENTI;ALLE PROVINCE;0,00
2014;USO, SALVAGUARDIA E SVILUPPO DEL TERRITORIO;TRASPORTI E MOBILITA';TITOLO I - SPESE CORRENTI;TRASFERIMENTI CORRENTI;AD ALTRI ENTI DEL SETTORE PUBBLICO ALLARGATO;642043,91
2014;USO, SALVAGUARDIA E SVILUPPO DEL TERRITORIO;TRASPORTI E MOBILITA';TITOLO I - SPESE CORRENTI;TRASFERIMENTI CORRENTI;AL SETTORE PRIVATO;398105817,23
2014;USO, SALVAGUARDIA E SVILUPPO DEL TERRITORIO;TRASPORTI E MOBILITA';TITOLO II - SPESE D'INVESTIMENTO;BENI ED OPERE IMMOBILIARI;;143341668,44
2014;USO, SALVAGUARDIA E SVILUPPO DEL TERRITORIO;TRASPORTI E MOBILITA';TITOLO II - SPESE D'INVESTIMENTO;BENI MOBILI, MACCHINE ED ATTREZZATURE TECNICO-SCIENTIFICHE;;3279118,47
2014;USO, SALVAGUARDIA E SVILUPPO DEL TERRITORIO;TRASPORTI E MOBILITA';TITOLO II - SPESE D'INVESTIMENTO;TRASFERIMENTI IN CONTO CAPITALE;AI COMUNI;25795293,05
2014;USO, SALVAGUARDIA E SVILUPPO DEL TERRITORIO;TRASPORTI E MOBILITA';TITOLO II - SPESE D'INVESTIMENTO;TRASFERIMENTI IN CONTO CAPITALE;ALLE PROVINCE;29494652,56
2014;USO, SALVAGUARDIA E SVILUPPO DEL TERRITORIO;TRASPORTI E MOBILITA';TITOLO II - SPESE D'INVESTIMENTO;TRASFERIMENTI IN CONTO CAPITALE;AL SETTORE PRIVATO;54532708,40
2014;USO, SALVAGUARDIA E SVILUPPO DEL TERRITORIO;TRASPORTI E MOBILITA';TITOLO II - SPESE D'INVESTIMENTO;PARTECIPAZIONI AZIONARIE E CONFERIMENTI;;224500,00
2014;USO, SALVAGUARDIA E SVILUPPO DEL TERRITORIO;PROTEZIONE CIVILE ED INTERVENTI DI EMERGENZA;TITOLO I - SPESE CORRENTI;ACQUISTO DI BENI E SERVIZI;;637783,07
2014;USO, SALVAGUARDIA E SVILUPPO DEL TERRITORIO;PROTEZIONE CIVILE ED INTERVENTI DI EMERGENZA;TITOLO I - SPESE CORRENTI;TRASFERIMENTI CORRENTI;ALLO STATO E AD ALTRI ENTI DEL SETTORE STATALE;142003,79
2014;USO, SALVAGUARDIA E SVILUPPO DEL TERRITORIO;PROTEZIONE CIVILE ED INTERVENTI DI EMERGENZA;TITOLO I - SPESE CORRENTI;TRASFERIMENTI CORRENTI;AI COMUNI;7884704,67
2014;USO, SALVAGUARDIA E SVILUPPO DEL TERRITORIO;PROTEZIONE CIVILE ED INTERVENTI DI EMERGENZA;TITOLO I - SPESE CORRENTI;TRASFERIMENTI CORRENTI;ALLE PROVINCE;43658,69
2014;USO, SALVAGUARDIA E SVILUPPO DEL TERRITORIO;PROTEZIONE CIVILE ED INTERVENTI DI EMERGENZA;TITOLO I - SPESE CORRENTI;TRASFERIMENTI CORRENTI;AI CONSORZI ED AZIENDE DI ENTI LOCALI E ALLE COMUNITA' MONTANE;5443137,28
2014;USO, SALVAGUARDIA E SVILUPPO DEL TERRITORIO;PROTEZIONE CIVILE ED INTERVENTI DI EMERGENZA;TITOLO I - SPESE CORRENTI;TRASFERIMENTI CORRENTI;AL SETTORE PRIVATO;76860,69
2014;USO, SALVAGUARDIA E SVILUPPO DEL TERRITORIO;PROTEZIONE CIVILE ED INTERVENTI DI EMERGENZA;TITOLO II - SPESE D'INVESTIMENTO;BENI ED OPERE IMMOBILIARI;;9958410,05
2014;USO, SALVAGUARDIA E SVILUPPO DEL TERRITORIO;PROTEZIONE CIVILE ED INTERVENTI DI EMERGENZA;TITOLO II - SPESE D'INVESTIMENTO;BENI MOBILI, MACCHINE ED ATTREZZATURE TECNICO-SCIENTIFICHE;;17607,97
2014;USO, SALVAGUARDIA E SVILUPPO DEL TERRITORIO;PROTEZIONE CIVILE ED INTERVENTI DI EMERGENZA;TITOLO II - SPESE D'INVESTIMENTO;TRASFERIMENTI IN CONTO CAPITALE;ALLO STATO E AD ALTRI ENTI DEL SETTORE STATALE;0,00
2014;USO, SALVAGUARDIA E SVILUPPO DEL TERRITORIO;PROTEZIONE CIVILE ED INTERVENTI DI EMERGENZA;TITOLO II - SPESE D'INVESTIMENTO;TRASFERIMENTI IN CONTO CAPITALE;AI COMUNI;18693218,76
2014;USO, SALVAGUARDIA E SVILUPPO DEL TERRITORIO;PROTEZIONE CIVILE ED INTERVENTI DI EMERGENZA;TITOLO II - SPESE D'INVESTIMENTO;TRASFERIMENTI IN CONTO CAPITALE;ALLE PROVINCE;9312064,56
2014;USO, SALVAGUARDIA E SVILUPPO DEL TERRITORIO;PROTEZIONE CIVILE ED INTERVENTI DI EMERGENZA;TITOLO II - SPESE D'INVESTIMENTO;TRASFERIMENTI IN CONTO CAPITALE;AI CONSORZI ED AZIENDE DI ENTI LOCALI E ALLE COMUNITA' MONTANE;13473551,68
2014;USO, SALVAGUARDIA E SVILUPPO DEL TERRITORIO;PROTEZIONE CIVILE ED INTERVENTI DI EMERGENZA;TITOLO II - SPESE D'INVESTIMENTO;TRASFERIMENTI IN CONTO CAPITALE;AD ALTRI ENTI DEL SETTORE PUBBLICO ALLARGATO;903799,57
2014;USO, SALVAGUARDIA E SVILUPPO DEL TERRITORIO;PROTEZIONE CIVILE ED INTERVENTI DI EMERGENZA;TITOLO II - SPESE D'INVESTIMENTO;TRASFERIMENTI IN CONTO CAPITALE;AL SETTORE PRIVATO;6246241,03
2014;TUTELA DELLA SALUTE E SOLIDARIETA' SOCIALE;POLITICHE SANITARIE;TITOLO I - SPESE CORRENTI;SPESE PER IL PERSONALE;;946020,93
2014;TUTELA DELLA SALUTE E SOLIDARIETA' SOCIALE;POLITICHE SANITARIE;TITOLO I - SPESE CORRENTI;ACQUISTO DI BENI E SERVIZI;;265182782,51
2014;TUTELA DELLA SALUTE E SOLIDARIETA' SOCIALE;POLITICHE SANITARIE;TITOLO I - SPESE CORRENTI;TRASFERIMENTI CORRENTI;ALLO STATO E AD ALTRI ENTI DEL SETTORE STATALE;0,00
2014;TUTELA DELLA SALUTE E SOLIDARIETA' SOCIALE;POLITICHE SANITARIE;TITOLO I - SPESE CORRENTI;TRASFERIMENTI CORRENTI;ALLE PROVINCE;367348,43
2014;TUTELA DELLA SALUTE E SOLIDARIETA' SOCIALE;POLITICHE SANITARIE;TITOLO I - SPESE CORRENTI;TRASFERIMENTI CORRENTI;AI CONSORZI ED AZIENDE DI ENTI LOCALI E ALLE COMUNITA' MONTANE;0,00
2014;TUTELA DELLA SALUTE E SOLIDARIETA' SOCIALE;POLITICHE SANITARIE;TITOLO I - SPESE CORRENTI;TRASFERIMENTI CORRENTI;AD ALTRI ENTI DEL SETTORE PUBBLICO ALLARGATO;27000,00
2014;TUTELA DELLA SALUTE E SOLIDARIETA' SOCIALE;POLITICHE SANITARIE;TITOLO I - SPESE CORRENTI;TRASFERIMENTI CORRENTI;ALLE AZIENDE SANITARIE LOCALI;8397442842,28
2014;TUTELA DELLA SALUTE E SOLIDARIETA' SOCIALE;POLITICHE SANITARIE;TITOLO I - SPESE CORRENTI;TRASFERIMENTI CORRENTI;AL SETTORE PRIVATO;1942374,63
2014;TUTELA DELLA SALUTE E SOLIDARIETA' SOCIALE;POLITICHE SANITARIE;TITOLO I - SPESE CORRENTI;ALTRE SPESE CORRENTI;;0,00
2014;TUTELA DELLA SALUTE E SOLIDARIETA' SOCIALE;POLITICHE SANITARIE;TITOLO II - SPESE D'INVESTIMENTO;BENI MOBILI, MACCHINE ED ATTREZZATURE TECNICO-SCIENTIFICHE;;2431058,00
2014;TUTELA DELLA SALUTE E SOLIDARIETA' SOCIALE;POLITICHE SANITARIE;TITOLO II - SPESE D'INVESTIMENTO;TRASFERIMENTI IN CONTO CAPITALE;ALLE PROVINCE;69325,49
2014;TUTELA DELLA SALUTE E SOLIDARIETA' SOCIALE;POLITICHE SANITARIE;TITOLO II - SPESE D'INVESTIMENTO;TRASFERIMENTI IN CONTO CAPITALE;ALLE AZIENDE SANITARIE LOCALI;79440157,37
2014;TUTELA DELLA SALUTE E SOLIDARIETA' SOCIALE;POLITICHE SANITARIE;TITOLO II - SPESE D'INVESTIMENTO;PARTECIPAZIONI AZIONARIE E CONFERIMENTI;;7000000,00
2014;TUTELA DELLA SALUTE E SOLIDARIETA' SOCIALE;INTERVENTI DI SOLIDARIETA' SOCIALE;TITOLO I - SPESE CORRENTI;ACQUISTO DI BENI E SERVIZI;;5656512,90
2014;TUTELA DELLA SALUTE E SOLIDARIETA' SOCIALE;INTERVENTI DI SOLIDARIETA' SOCIALE;TITOLO I - SPESE CORRENTI;TRASFERIMENTI CORRENTI;ALLO STATO E AD ALTRI ENTI DEL SETTORE STATALE;0,00
2014;TUTELA DELLA SALUTE E SOLIDARIETA' SOCIALE;INTERVENTI DI SOLIDARIETA' SOCIALE;TITOLO I - SPESE CORRENTI;TRASFERIMENTI CORRENTI;AI COMUNI;44653096,52
2014;TUTELA DELLA SALUTE E SOLIDARIETA' SOCIALE;INTERVENTI DI SOLIDARIETA' SOCIALE;TITOLO I - SPESE CORRENTI;TRASFERIMENTI CORRENTI;ALLE PROVINCE;1370696,18
2014;TUTELA DELLA SALUTE E SOLIDARIETA' SOCIALE;INTERVENTI DI SOLIDARIETA' SOCIALE;TITOLO I - SPESE CORRENTI;TRASFERIMENTI CORRENTI;AD ALTRI ENTI DEL SETTORE PUBBLICO ALLARGATO;2412123,70
2014;TUTELA DELLA SALUTE E SOLIDARIETA' SOCIALE;INTERVENTI DI SOLIDARIETA' SOCIALE;TITOLO I - SPESE CORRENTI;TRASFERIMENTI CORRENTI;ALLE AZIENDE SANITARIE LOCALI;669058,85
2014;TUTELA DELLA SALUTE E SOLIDARIETA' SOCIALE;INTERVENTI DI SOLIDARIETA' SOCIALE;TITOLO I - SPESE CORRENTI;TRASFERIMENTI CORRENTI;AL SETTORE PRIVATO;1492868,76
2014;TUTELA DELLA SALUTE E SOLIDARIETA' SOCIALE;INTERVENTI DI SOLIDARIETA' SOCIALE;TITOLO II - SPESE D'INVESTIMENTO;TRASFERIMENTI IN CONTO CAPITALE;AI COMUNI;15030802,89
2014;TUTELA DELLA SALUTE E SOLIDARIETA' SOCIALE;INTERVENTI DI SOLIDARIETA' SOCIALE;TITOLO II - SPESE D'INVESTIMENTO;TRASFERIMENTI IN CONTO CAPITALE;AL SETTORE PRIVATO;6413738,60
2014;ISTRUZIONE, ATTIVITA' FORMATIVE, CULTURALI, SPORTIVE E RICREATIVE;ISTRUZIONE PRESCOLASTICA;TITOLO I - SPESE CORRENTI;ACQUISTO DI BENI E SERVIZI;;133500,00
2014;ISTRUZIONE, ATTIVITA' FORMATIVE, CULTURALI, SPORTIVE E RICREATIVE;ISTRUZIONE PRESCOLASTICA;TITOLO I - SPESE CORRENTI;TRASFERIMENTI CORRENTI;AI COMUNI;0,00
2014;ISTRUZIONE, ATTIVITA' FORMATIVE, CULTURALI, SPORTIVE E RICREATIVE;ISTRUZIONE PRESCOLASTICA;TITOLO I - SPESE CORRENTI;TRASFERIMENTI CORRENTI;ALLE PROVINCE;12544400,00
2014;ISTRUZIONE, ATTIVITA' FORMATIVE, CULTURALI, SPORTIVE E RICREATIVE;ISTRUZIONE PRESCOLASTICA;TITOLO I - SPESE CORRENTI;TRASFERIMENTI CORRENTI;AL SETTORE PRIVATO;0,00
2014;ISTRUZIONE, ATTIVITA' FORMATIVE, CULTURALI, SPORTIVE E RICREATIVE;ISTRUZIONE PRESCOLASTICA;TITOLO II - SPESE D'INVESTIMENTO;TRASFERIMENTI IN CONTO CAPITALE;ALLE PROVINCE;0,00
2014;ISTRUZIONE, ATTIVITA' FORMATIVE, CULTURALI, SPORTIVE E RICREATIVE;ISTRUZIONE SCOLASTICA;TITOLO I - SPESE CORRENTI;ACQUISTO DI BENI E SERVIZI;;0,00
2014;ISTRUZIONE, ATTIVITA' FORMATIVE, CULTURALI, SPORTIVE E RICREATIVE;ISTRUZIONE SCOLASTICA;TITOLO I - SPESE CORRENTI;TRASFERIMENTI CORRENTI;AI COMUNI;0,00
2014;ISTRUZIONE, ATTIVITA' FORMATIVE, CULTURALI, SPORTIVE E RICREATIVE;ISTRUZIONE SCOLASTICA;TITOLO I - SPESE CORRENTI;TRASFERIMENTI CORRENTI;ALLE PROVINCE;7000000,00
2014;ISTRUZIONE, ATTIVITA' FORMATIVE, CULTURALI, SPORTIVE E RICREATIVE;ISTRUZIONE SCOLASTICA;TITOLO I - SPESE CORRENTI;TRASFERIMENTI CORRENTI;AL SETTORE PRIVATO;0,00
2014;ISTRUZIONE, ATTIVITA' FORMATIVE, CULTURALI, SPORTIVE E RICREATIVE;ISTRUZIONE SCOLASTICA;TITOLO II - SPESE D'INVESTIMENTO;TRASFERIMENTI IN CONTO CAPITALE;AI COMUNI;2268240,45
2014;ISTRUZIONE, ATTIVITA' FORMATIVE, CULTURALI, SPORTIVE E RICREATIVE;ISTRUZIONE SCOLASTICA;TITOLO II - SPESE D'INVESTIMENTO;TRASFERIMENTI IN CONTO CAPITALE;ALLE PROVINCE;0,00
2014;ISTRUZIONE, ATTIVITA' FORMATIVE, CULTURALI, SPORTIVE E RICREATIVE;ISTRUZIONE SUPERIORE E UNIVERSITARIA;TITOLO I - SPESE CORRENTI;ACQUISTO DI BENI E SERVIZI;;0,00
2014;ISTRUZIONE, ATTIVITA' FORMATIVE, CULTURALI, SPORTIVE E RICREATIVE;ISTRUZIONE SUPERIORE E UNIVERSITARIA;TITOLO I - SPESE CORRENTI;TRASFERIMENTI CORRENTI;ALLO STATO E AD ALTRI ENTI DEL SETTORE STATALE;0,00
2014;ISTRUZIONE, ATTIVITA' FORMATIVE, CULTURALI, SPORTIVE E RICREATIVE;ISTRUZIONE SUPERIORE E UNIVERSITARIA;TITOLO I - SPESE CORRENTI;TRASFERIMENTI CORRENTI;AI COMUNI;1635106,00
2014;ISTRUZIONE, ATTIVITA' FORMATIVE, CULTURALI, SPORTIVE E RICREATIVE;ISTRUZIONE SUPERIORE E UNIVERSITARIA;TITOLO I - SPESE CORRENTI;TRASFERIMENTI CORRENTI;ALLE PROVINCE;0,00
2014;ISTRUZIONE, ATTIVITA' FORMATIVE, CULTURALI, SPORTIVE E RICREATIVE;ISTRUZIONE SUPERIORE E UNIVERSITARIA;TITOLO I - SPESE CORRENTI;TRASFERIMENTI CORRENTI;AI CONSORZI ED AZIENDE DI ENTI LOCALI E ALLE COMUNITA' MONTANE;52445954,00
2014;ISTRUZIONE, ATTIVITA' FORMATIVE, CULTURALI, SPORTIVE E RICREATIVE;ISTRUZIONE SUPERIORE E UNIVERSITARIA;TITOLO I - SPESE CORRENTI;TRASFERIMENTI CORRENTI;AL SETTORE PRIVATO;25000,00
2014;ISTRUZIONE, ATTIVITA' FORMATIVE, CULTURALI, SPORTIVE E RICREATIVE;ISTRUZIONE SUPERIORE E UNIVERSITARIA;TITOLO II - SPESE D'INVESTIMENTO;TRASFERIMENTI IN CONTO CAPITALE;AI COMUNI;1600376,41
2014;ISTRUZIONE, ATTIVITA' FORMATIVE, CULTURALI, SPORTIVE E RICREATIVE;FORMAZIONE ALLE PROFESSIONI E SOSTEGNO DELL'OCCUPAZIONE;TITOLO I - SPESE CORRENTI;SPESE PER IL PERSONALE;;0,00
2014;ISTRUZIONE, ATTIVITA' FORMATIVE, CULTURALI, SPORTIVE E RICREATIVE;FORMAZIONE ALLE PROFESSIONI E SOSTEGNO DELL'OCCUPAZIONE;TITOLO I - SPESE CORRENTI;ACQUISTO DI BENI E SERVIZI;;17917501,45
2014;ISTRUZIONE, ATTIVITA' FORMATIVE, CULTURALI, SPORTIVE E RICREATIVE;FORMAZIONE ALLE PROFESSIONI E SOSTEGNO DELL'OCCUPAZIONE;TITOLO I - SPESE CORRENTI;TRASFERIMENTI CORRENTI;ALLO STATO E AD ALTRI ENTI DEL SETTORE STATALE;1995726,94
2014;ISTRUZIONE, ATTIVITA' FORMATIVE, CULTURALI, SPORTIVE E RICREATIVE;FORMAZIONE ALLE PROFESSIONI E SOSTEGNO DELL'OCCUPAZIONE;TITOLO I - SPESE CORRENTI;TRASFERIMENTI CORRENTI;AI COMUNI;38375,86
2014;ISTRUZIONE, ATTIVITA' FORMATIVE, CULTURALI, SPORTIVE E RICREATIVE;FORMAZIONE ALLE PROFESSIONI E SOSTEGNO DELL'OCCUPAZIONE;TITOLO I - SPESE CORRENTI;TRASFERIMENTI CORRENTI;ALLE PROVINCE;104168930,26
2014;ISTRUZIONE, ATTIVITA' FORMATIVE, CULTURALI, SPORTIVE E RICREATIVE;FORMAZIONE ALLE PROFESSIONI E SOSTEGNO DELL'OCCUPAZIONE;TITOLO I - SPESE CORRENTI;TRASFERIMENTI CORRENTI;AI CONSORZI ED AZIENDE DI ENTI LOCALI E ALLE COMUNITA' MONTANE;0,00
2014;ISTRUZIONE, ATTIVITA' FORMATIVE, CULTURALI, SPORTIVE E RICREATIVE;FORMAZIONE ALLE PROFESSIONI E SOSTEGNO DELL'OCCUPAZIONE;TITOLO I - SPESE CORRENTI;TRASFERIMENTI CORRENTI;AD ALTRI ENTI DEL SETTORE PUBBLICO ALLARGATO;438054,40
2014;ISTRUZIONE, ATTIVITA' FORMATIVE, CULTURALI, SPORTIVE E RICREATIVE;FORMAZIONE ALLE PROFESSIONI E SOSTEGNO DELL'OCCUPAZIONE;TITOLO I - SPESE CORRENTI;TRASFERIMENTI CORRENTI;AL SETTORE PRIVATO;43921583,64
2014;ISTRUZIONE, ATTIVITA' FORMATIVE, CULTURALI, SPORTIVE E RICREATIVE;FORMAZIONE ALLE PROFESSIONI E SOSTEGNO DELL'OCCUPAZIONE;TITOLO II - SPESE D'INVESTIMENTO;TRASFERIMENTI IN CONTO CAPITALE;AI COMUNI;0,00
2014;ISTRUZIONE, ATTIVITA' FORMATIVE, CULTURALI, SPORTIVE E RICREATIVE;ATTIVITA' CULTURALI;TITOLO I - SPESE CORRENTI;ACQUISTO DI BENI E SERVIZI;;1711500,00
2014;ISTRUZIONE, ATTIVITA' FORMATIVE, CULTURALI, SPORTIVE E RICREATIVE;ATTIVITA' CULTURALI;TITOLO I - SPESE CORRENTI;TRASFERIMENTI CORRENTI;AI COMUNI;513955,00
2014;ISTRUZIONE, ATTIVITA' FORMATIVE, CULTURALI, SPORTIVE E RICREATIVE;ATTIVITA' CULTURALI;TITOLO I - SPESE CORRENTI;TRASFERIMENTI CORRENTI;ALLE PROVINCE;3590500,00
2014;ISTRUZIONE, ATTIVITA' FORMATIVE, CULTURALI, SPORTIVE E RICREATIVE;ATTIVITA' CULTURALI;TITOLO I - SPESE CORRENTI;TRASFERIMENTI CORRENTI;AI CONSORZI ED AZIENDE DI ENTI LOCALI E ALLE COMUNITA' MONTANE;4500000,00
2014;ISTRUZIONE, ATTIVITA' FORMATIVE, CULTURALI, SPORTIVE E RICREATIVE;ATTIVITA' CULTURALI;TITOLO I - SPESE CORRENTI;TRASFERIMENTI CORRENTI;AL SETTORE PRIVATO;12077045,00
2014;ISTRUZIONE, ATTIVITA' FORMATIVE, CULTURALI, SPORTIVE E RICREATIVE;ATTIVITA' CULTURALI;TITOLO II - SPESE D'INVESTIMENTO;BENI ED OPERE IMMOBILIARI;;0,00
2014;ISTRUZIONE, ATTIVITA' FORMATIVE, CULTURALI, SPORTIVE E RICREATIVE;ATTIVITA' CULTURALI;TITOLO II - SPESE D'INVESTIMENTO;BENI MOBILI, MACCHINE ED ATTREZZATURE TECNICO-SCIENTIFICHE;;0,00
2014;ISTRUZIONE, ATTIVITA' FORMATIVE, CULTURALI, SPORTIVE E RICREATIVE;ATTIVITA' CULTURALI;TITOLO II - SPESE D'INVESTIMENTO;TRASFERIMENTI IN CONTO CAPITALE;AI COMUNI;16913332,73
2014;ISTRUZIONE, ATTIVITA' FORMATIVE, CULTURALI, SPORTIVE E RICREATIVE;ATTIVITA' CULTURALI;TITOLO II - SPESE D'INVESTIMENTO;TRASFERIMENTI IN CONTO CAPITALE;ALLE PROVINCE;513,64
2014;ISTRUZIONE, ATTIVITA' FORMATIVE, CULTURALI, SPORTIVE E RICREATIVE;ATTIVITA' CULTURALI;TITOLO II - SPESE D'INVESTIMENTO;TRASFERIMENTI IN CONTO CAPITALE;AI CONSORZI ED AZIENDE DI ENTI LOCALI E ALLE COMUNITA' MONTANE;783033,52
2014;ISTRUZIONE, ATTIVITA' FORMATIVE, CULTURALI, SPORTIVE E RICREATIVE;ATTIVITA' CULTURALI;TITOLO II - SPESE D'INVESTIMENTO;TRASFERIMENTI IN CONTO CAPITALE;AL SETTORE PRIVATO;0,00
2014;ISTRUZIONE, ATTIVITA' FORMATIVE, CULTURALI, SPORTIVE E RICREATIVE;ATTIVITA' CULTURALI;TITOLO II - SPESE D'INVESTIMENTO;PARTECIPAZIONI AZIONARIE E CONFERIMENTI;;0,00
2014;ISTRUZIONE, ATTIVITA' FORMATIVE, CULTURALI, SPORTIVE E RICREATIVE;PROMOZIONE DELLO SPORT E DELLE ATTIVITA' RICREATIVE;TITOLO I - SPESE CORRENTI;ACQUISTO DI BENI E SERVIZI;;25000,00
2014;ISTRUZIONE, ATTIVITA' FORMATIVE, CULTURALI, SPORTIVE E RICREATIVE;PROMOZIONE DELLO SPORT E DELLE ATTIVITA' RICREATIVE;TITOLO I - SPESE CORRENTI;TRASFERIMENTI CORRENTI;ALLE PROVINCE;150000,00
2014;ISTRUZIONE, ATTIVITA' FORMATIVE, CULTURALI, SPORTIVE E RICREATIVE;PROMOZIONE DELLO SPORT E DELLE ATTIVITA' RICREATIVE;TITOLO I - SPESE CORRENTI;TRASFERIMENTI CORRENTI;AL SETTORE PRIVATO;150000,00
2014;ISTRUZIONE, ATTIVITA' FORMATIVE, CULTURALI, SPORTIVE E RICREATIVE;PROMOZIONE DELLO SPORT E DELLE ATTIVITA' RICREATIVE;TITOLO II - SPESE D'INVESTIMENTO;TRASFERIMENTI IN CONTO CAPITALE;AI COMUNI;1710000,00
2014;ISTRUZIONE, ATTIVITA' FORMATIVE, CULTURALI, SPORTIVE E RICREATIVE;PROMOZIONE DELLO SPORT E DELLE ATTIVITA' RICREATIVE;TITOLO II - SPESE D'INVESTIMENTO;TRASFERIMENTI IN CONTO CAPITALE;ALLE PROVINCE;2706612,81
2014;ONERI GENERALI NON ATTRIBUIBILI;FONDI  DI RISERVA;TITOLO I - SPESE CORRENTI;SOMME NON ATTRIBUIBILI         ;;17985591,60
2014;ONERI GENERALI NON ATTRIBUIBILI;FONDI SPECIALI E DI ACCANTONAMENTO;TITOLO I - SPESE CORRENTI;SOMME NON ATTRIBUIBILI         ;;33568992,94
2014;ONERI GENERALI NON ATTRIBUIBILI;FONDI SPECIALI E DI ACCANTONAMENTO;TITOLO II - SPESE D'INVESTIMENTO;SOMME NON ATTRIBUIBILI         ;;243949347,21
2014;ONERI GENERALI NON ATTRIBUIBILI;ONERI VARI NON RIPARTIBILI;TITOLO I - SPESE CORRENTI;TRASFERIMENTI CORRENTI;ALLO STATO E AD ALTRI ENTI DEL SETTORE STATALE;136313321,51
2014;ONERI GENERALI NON ATTRIBUIBILI;ONERI VARI NON RIPARTIBILI;TITOLO I - SPESE CORRENTI;INTERESSI PASSIVI;;15365935,05
2014;ONERI GENERALI NON ATTRIBUIBILI;ONERI VARI NON RIPARTIBILI;TITOLO I - SPESE CORRENTI;ALTRE SPESE CORRENTI;;517576064,64
2014;ONERI GENERALI NON ATTRIBUIBILI;ONERI VARI NON RIPARTIBILI;TITOLO I - SPESE CORRENTI;SOMME NON ATTRIBUIBILI         ;;89900985,62
2014;ONERI GENERALI NON ATTRIBUIBILI;ONERI VARI NON RIPARTIBILI;TITOLO II - SPESE D'INVESTIMENTO;TRASFERIMENTI IN CONTO CAPITALE;AI COMUNI;181520,10
2014;ONERI GENERALI NON ATTRIBUIBILI;ONERI VARI NON RIPARTIBILI;TITOLO II - SPESE D'INVESTIMENTO;TRASFERIMENTI IN CONTO CAPITALE;AL SETTORE PRIVATO;17354000,00
2014;ONERI GENERALI NON ATTRIBUIBILI;ONERI VARI NON RIPARTIBILI;TITOLO II - SPESE D'INVESTIMENTO;SOMME NON ATTRIBUIBILI         ;;359603942,50
2014;ONERI GENERALI NON ATTRIBUIBILI;RIMBORSO DEI PRESTITI;TITOLO I - SPESE CORRENTI;INTERESSI PASSIVI;;120328561,32
2014;ONERI GENERALI NON ATTRIBUIBILI;RIMBORSO DEI PRESTITI;TITOLO III - SPESE PER IL RIMBORSO DI MUTUI E PRESTITI;MUTUI         ;;89468966,75
2014;ONERI GENERALI NON ATTRIBUIBILI;RIMBORSO DEI PRESTITI;TITOLO III - SPESE PER IL RIMBORSO DI MUTUI E PRESTITI;OBBLIGAZIONI         ;;10619537,94
2014;ONERI GENERALI NON ATTRIBUIBILI;RIMBORSO DEI PRESTITI;TITOLO III - SPESE PER IL RIMBORSO DI MUTUI E PRESTITI;ANTICIPAZIONI ED ALTRE OPERAZIONI DI CREDITO A BREVE TERMINE        ;;9007101,27
2014;ONERI GENERALI NON ATTRIBUIBILI;FONDI DI GARANZIA;TITOLO II - SPESE D'INVESTIMENTO;TRASFERIMENTI IN CONTO CAPITALE;AL SETTORE PRIVATO;0,00
2014;ONERI GENERALI NON ATTRIBUIBILI;FONDI DI GARANZIA;TITOLO II - SPESE D'INVESTIMENTO;CONCESSIONI DI CREDITI ED ANTICIPAZIONI;;0,00
2015;ORGANI ISTITUZIONALI;ORGANI LEGISLATIVI, ESECUTIVI E DI CONTROLLO;TITOLO I - SPESE CORRENTI;SERVIZI DEGLI ORGANI COSTITUZIONALI DELLA REGIONE         ;;23305728,77
2015;ORGANI ISTITUZIONALI;ORGANI LEGISLATIVI, ESECUTIVI E DI CONTROLLO;TITOLO I - SPESE CORRENTI;SPESE PER IL PERSONALE;;9538442,92
2015;ORGANI ISTITUZIONALI;ORGANI LEGISLATIVI, ESECUTIVI E DI CONTROLLO;TITOLO I - SPESE CORRENTI;ACQUISTO DI BENI E SERVIZI;;50000,00
2015;AFFARI GENERALI;AMMINISTRAZIONE REGIONALE;TITOLO I - SPESE CORRENTI;SPESE PER IL PERSONALE;;136705611,45
2015;AFFARI GENERALI;AMMINISTRAZIONE REGIONALE;TITOLO I - SPESE CORRENTI;ACQUISTO DI BENI E SERVIZI;;85345057,29
2015;AFFARI GENERALI;AMMINISTRAZIONE REGIONALE;TITOLO I - SPESE CORRENTI;IMPOSTE E TASSE         ;;13040596,38
2015;AFFARI GENERALI;AMMINISTRAZIONE REGIONALE;TITOLO I - SPESE CORRENTI;TRASFERIMENTI CORRENTI;ALLO STATO E AD ALTRI ENTI DEL SETTORE STATALE;12000,00
2015;AFFARI GENERALI;AMMINISTRAZIONE REGIONALE;TITOLO I - SPESE CORRENTI;TRASFERIMENTI CORRENTI;AI COMUNI;200000,00
2015;AFFARI GENERALI;AMMINISTRAZIONE REGIONALE;TITOLO I - SPESE CORRENTI;TRASFERIMENTI CORRENTI;ALLE PROVINCE;629,72
2015;AFFARI GENERALI;AMMINISTRAZIONE REGIONALE;TITOLO I - SPESE CORRENTI;TRASFERIMENTI CORRENTI;AI CONSORZI ED AZIENDE DI ENTI LOCALI E ALLE COMUNITA' MONTANE;1600000,00
2015;AFFARI GENERALI;AMMINISTRAZIONE REGIONALE;TITOLO I - SPESE CORRENTI;TRASFERIMENTI CORRENTI;AD ALTRI ENTI DEL SETTORE PUBBLICO ALLARGATO;0,00
2015;AFFARI GENERALI;AMMINISTRAZIONE REGIONALE;TITOLO I - SPESE CORRENTI;TRASFERIMENTI CORRENTI;AL SETTORE PRIVATO;584060,00
2015;AFFARI GENERALI;AMMINISTRAZIONE REGIONALE;TITOLO I - SPESE CORRENTI;INTERESSI PASSIVI;;20000,00
2015;AFFARI GENERALI;AMMINISTRAZIONE REGIONALE;TITOLO I - SPESE CORRENTI;ALTRE SPESE CORRENTI;;4717000,00
2015;AFFARI GENERALI;AMMINISTRAZIONE REGIONALE;TITOLO I - SPESE CORRENTI;SOMME NON ATTRIBUIBILI         ;;390000,00
2015;AFFARI GENERALI;AMMINISTRAZIONE REGIONALE;TITOLO II - SPESE D'INVESTIMENTO;BENI ED OPERE IMMOBILIARI;;31125000,00
2015;AFFARI GENERALI;AMMINISTRAZIONE REGIONALE;TITOLO II - SPESE D'INVESTIMENTO;BENI MOBILI, MACCHINE ED ATTREZZATURE TECNICO-SCIENTIFICHE;;11319784,99
2015;AFFARI GENERALI;AMMINISTRAZIONE REGIONALE;TITOLO II - SPESE D'INVESTIMENTO;TRASFERIMENTI IN CONTO CAPITALE;AI COMUNI;350000,00
2015;AFFARI GENERALI;AUTONOMIE LOCALI - ESERCIZIO DELLE FUNZIONI DELEGATE;TITOLO I - SPESE CORRENTI;ACQUISTO DI BENI E SERVIZI;;0,00
2015;AFFARI GENERALI;AUTONOMIE LOCALI - ESERCIZIO DELLE FUNZIONI DELEGATE;TITOLO I - SPESE CORRENTI;TRASFERIMENTI CORRENTI;AI COMUNI;6392247,94
2015;AFFARI GENERALI;AUTONOMIE LOCALI - ESERCIZIO DELLE FUNZIONI DELEGATE;TITOLO I - SPESE CORRENTI;TRASFERIMENTI CORRENTI;ALLE PROVINCE;0,00
2015;AFFARI GENERALI;AUTONOMIE LOCALI - ESERCIZIO DELLE FUNZIONI DELEGATE;TITOLO I - SPESE CORRENTI;TRASFERIMENTI CORRENTI;AI CONSORZI ED AZIENDE DI ENTI LOCALI E ALLE COMUNITA' MONTANE;0,00
2015;AFFARI GENERALI;AUTONOMIE LOCALI - ESERCIZIO DELLE FUNZIONI DELEGATE;TITOLO I - SPESE CORRENTI;TRASFERIMENTI CORRENTI;AD ALTRI ENTI DEL SETTORE PUBBLICO ALLARGATO;10056834,55
2015;AFFARI GENERALI;AUTONOMIE LOCALI - ESERCIZIO DELLE FUNZIONI DELEGATE;TITOLO II - SPESE D'INVESTIMENTO;TRASFERIMENTI IN CONTO CAPITALE;AI COMUNI;874454,05
2015;AFFARI GENERALI;AUTONOMIE LOCALI - ESERCIZIO DELLE FUNZIONI DELEGATE;TITOLO II - SPESE D'INVESTIMENTO;TRASFERIMENTI IN CONTO CAPITALE;AI CONSORZI ED AZIENDE DI ENTI LOCALI E ALLE COMUNITA' MONTANE;11106892,70
2015;AFFARI GENERALI;AUTONOMIE LOCALI - ESERCIZIO DELLE FUNZIONI DELEGATE;TITOLO II - SPESE D'INVESTIMENTO;TRASFERIMENTI IN CONTO CAPITALE;AD ALTRI ENTI DEL SETTORE PUBBLICO ALLARGATO;0,00
2015;AFFARI GENERALI;ALTRI INTERVENTI GENERALI;TITOLO I - SPESE CORRENTI;ACQUISTO DI BENI E SERVIZI;;6044434,03
2015;AFFARI GENERALI;ALTRI INTERVENTI GENERALI;TITOLO I - SPESE CORRENTI;TRASFERIMENTI CORRENTI;ALLO STATO E AD ALTRI ENTI DEL SETTORE STATALE;201747114,84
2015;AFFARI GENERALI;ALTRI INTERVENTI GENERALI;TITOLO I - SPESE CORRENTI;TRASFERIMENTI CORRENTI;AI COMUNI;445000,00
2015;AFFARI GENERALI;ALTRI INTERVENTI GENERALI;TITOLO I - SPESE CORRENTI;TRASFERIMENTI CORRENTI;ALLE PROVINCE;90000,00
2015;AFFARI GENERALI;ALTRI INTERVENTI GENERALI;TITOLO I - SPESE CORRENTI;TRASFERIMENTI CORRENTI;AD ALTRI ENTI DEL SETTORE PUBBLICO ALLARGATO;151000,00
2015;AFFARI GENERALI;ALTRI INTERVENTI GENERALI;TITOLO I - SPESE CORRENTI;TRASFERIMENTI CORRENTI;AL SETTORE PRIVATO;1381480,00
2015;AFFARI GENERALI;ALTRI INTERVENTI GENERALI;TITOLO II - SPESE D'INVESTIMENTO;BENI MOBILI, MACCHINE ED ATTREZZATURE TECNICO-SCIENTIFICHE;;131283,28
2015;AFFARI GENERALI;ALTRI INTERVENTI GENERALI;TITOLO II - SPESE D'INVESTIMENTO;TRASFERIMENTI IN CONTO CAPITALE;ALLO STATO E AD ALTRI ENTI DEL SETTORE STATALE;0,00
2015;AFFARI GENERALI;ALTRI INTERVENTI GENERALI;TITOLO II - SPESE D'INVESTIMENTO;TRASFERIMENTI IN CONTO CAPITALE;AI COMUNI;817226,45
2015;INTERVENTI PER LO SVILUPPO ECONOMICO;AGRICOLTURA;TITOLO I - SPESE CORRENTI;SPESE PER IL PERSONALE;;0,00
2015;INTERVENTI PER LO SVILUPPO ECONOMICO;AGRICOLTURA;TITOLO I - SPESE CORRENTI;ACQUISTO DI BENI E SERVIZI;;2843159,32
2015;INTERVENTI PER LO SVILUPPO ECONOMICO;AGRICOLTURA;TITOLO I - SPESE CORRENTI;TRASFERIMENTI CORRENTI;ALLO STATO E AD ALTRI ENTI DEL SETTORE STATALE;0,00
2015;INTERVENTI PER LO SVILUPPO ECONOMICO;AGRICOLTURA;TITOLO I - SPESE CORRENTI;TRASFERIMENTI CORRENTI;AI COMUNI;45000,00
2015;INTERVENTI PER LO SVILUPPO ECONOMICO;AGRICOLTURA;TITOLO I - SPESE CORRENTI;TRASFERIMENTI CORRENTI;ALLE PROVINCE;192147,22
2015;INTERVENTI PER LO SVILUPPO ECONOMICO;AGRICOLTURA;TITOLO I - SPESE CORRENTI;TRASFERIMENTI CORRENTI;AI CONSORZI ED AZIENDE DI ENTI LOCALI E ALLE COMUNITA' MONTANE;775670,00
2015;INTERVENTI PER LO SVILUPPO ECONOMICO;AGRICOLTURA;TITOLO I - SPESE CORRENTI;TRASFERIMENTI CORRENTI;AL SETTORE PRIVATO;3009731,51
2015;INTERVENTI PER LO SVILUPPO ECONOMICO;AGRICOLTURA;TITOLO II - SPESE D'INVESTIMENTO;BENI ED OPERE IMMOBILIARI;;2850510,00
2015;INTERVENTI PER LO SVILUPPO ECONOMICO;AGRICOLTURA;TITOLO II - SPESE D'INVESTIMENTO;BENI MOBILI, MACCHINE ED ATTREZZATURE TECNICO-SCIENTIFICHE;;21424,76
2015;INTERVENTI PER LO SVILUPPO ECONOMICO;AGRICOLTURA;TITOLO II - SPESE D'INVESTIMENTO;TRASFERIMENTI IN CONTO CAPITALE;ALLO STATO E AD ALTRI ENTI DEL SETTORE STATALE;138000,00
2015;INTERVENTI PER LO SVILUPPO ECONOMICO;AGRICOLTURA;TITOLO II - SPESE D'INVESTIMENTO;TRASFERIMENTI IN CONTO CAPITALE;AI COMUNI;0,00
2015;INTERVENTI PER LO SVILUPPO ECONOMICO;AGRICOLTURA;TITOLO II - SPESE D'INVESTIMENTO;TRASFERIMENTI IN CONTO CAPITALE;ALLE PROVINCE;31107,17
2015;INTERVENTI PER LO SVILUPPO ECONOMICO;AGRICOLTURA;TITOLO II - SPESE D'INVESTIMENTO;TRASFERIMENTI IN CONTO CAPITALE;AI CONSORZI ED AZIENDE DI ENTI LOCALI E ALLE COMUNITA' MONTANE;30300000,00
2015;INTERVENTI PER LO SVILUPPO ECONOMICO;AGRICOLTURA;TITOLO II - SPESE D'INVESTIMENTO;TRASFERIMENTI IN CONTO CAPITALE;AD ALTRI ENTI DEL SETTORE PUBBLICO ALLARGATO;2482,20
2015;INTERVENTI PER LO SVILUPPO ECONOMICO;AGRICOLTURA;TITOLO II - SPESE D'INVESTIMENTO;TRASFERIMENTI IN CONTO CAPITALE;AL SETTORE PRIVATO;15675808,35
2015;INTERVENTI PER LO SVILUPPO ECONOMICO;INDUSTRIA - COOPERAZIONE - ARTIGIANATO E PROBLEMI DEL LAVORO;TITOLO I - SPESE CORRENTI;ACQUISTO DI BENI E SERVIZI;;16766422,38
2015;INTERVENTI PER LO SVILUPPO ECONOMICO;INDUSTRIA - COOPERAZIONE - ARTIGIANATO E PROBLEMI DEL LAVORO;TITOLO I - SPESE CORRENTI;TRASFERIMENTI CORRENTI;ALLO STATO E AD ALTRI ENTI DEL SETTORE STATALE;300000,00
2015;INTERVENTI PER LO SVILUPPO ECONOMICO;INDUSTRIA - COOPERAZIONE - ARTIGIANATO E PROBLEMI DEL LAVORO;TITOLO I - SPESE CORRENTI;TRASFERIMENTI CORRENTI;AI COMUNI;9387181,88
2015;INTERVENTI PER LO SVILUPPO ECONOMICO;INDUSTRIA - COOPERAZIONE - ARTIGIANATO E PROBLEMI DEL LAVORO;TITOLO I - SPESE CORRENTI;TRASFERIMENTI CORRENTI;ALLE PROVINCE;945269,39
2015;INTERVENTI PER LO SVILUPPO ECONOMICO;INDUSTRIA - COOPERAZIONE - ARTIGIANATO E PROBLEMI DEL LAVORO;TITOLO I - SPESE CORRENTI;TRASFERIMENTI CORRENTI;AD ALTRI ENTI DEL SETTORE PUBBLICO ALLARGATO;625000,00
2015;INTERVENTI PER LO SVILUPPO ECONOMICO;INDUSTRIA - COOPERAZIONE - ARTIGIANATO E PROBLEMI DEL LAVORO;TITOLO I - SPESE CORRENTI;TRASFERIMENTI CORRENTI;AL SETTORE PRIVATO;31855571,16
2015;INTERVENTI PER LO SVILUPPO ECONOMICO;INDUSTRIA - COOPERAZIONE - ARTIGIANATO E PROBLEMI DEL LAVORO;TITOLO II - SPESE D'INVESTIMENTO;BENI ED OPERE IMMOBILIARI;;39398472,06
2015;INTERVENTI PER LO SVILUPPO ECONOMICO;INDUSTRIA - COOPERAZIONE - ARTIGIANATO E PROBLEMI DEL LAVORO;TITOLO II - SPESE D'INVESTIMENTO;BENI MOBILI, MACCHINE ED ATTREZZATURE TECNICO-SCIENTIFICHE;;11868743,87
2015;INTERVENTI PER LO SVILUPPO ECONOMICO;INDUSTRIA - COOPERAZIONE - ARTIGIANATO E PROBLEMI DEL LAVORO;TITOLO II - SPESE D'INVESTIMENTO;TRASFERIMENTI IN CONTO CAPITALE;ALLO STATO E AD ALTRI ENTI DEL SETTORE STATALE;47695,65
2015;INTERVENTI PER LO SVILUPPO ECONOMICO;INDUSTRIA - COOPERAZIONE - ARTIGIANATO E PROBLEMI DEL LAVORO;TITOLO II - SPESE D'INVESTIMENTO;TRASFERIMENTI IN CONTO CAPITALE;AI COMUNI;73419964,91
2015;INTERVENTI PER LO SVILUPPO ECONOMICO;INDUSTRIA - COOPERAZIONE - ARTIGIANATO E PROBLEMI DEL LAVORO;TITOLO II - SPESE D'INVESTIMENTO;TRASFERIMENTI IN CONTO CAPITALE;ALLE PROVINCE;12980674,60
2015;INTERVENTI PER LO SVILUPPO ECONOMICO;INDUSTRIA - COOPERAZIONE - ARTIGIANATO E PROBLEMI DEL LAVORO;TITOLO II - SPESE D'INVESTIMENTO;TRASFERIMENTI IN CONTO CAPITALE;AD ALTRI ENTI DEL SETTORE PUBBLICO ALLARGATO;2706378,23
2015;INTERVENTI PER LO SVILUPPO ECONOMICO;INDUSTRIA - COOPERAZIONE - ARTIGIANATO E PROBLEMI DEL LAVORO;TITOLO II - SPESE D'INVESTIMENTO;TRASFERIMENTI IN CONTO CAPITALE;AL SETTORE PRIVATO;114582880,05
2015;INTERVENTI PER LO SVILUPPO ECONOMICO;INDUSTRIA - COOPERAZIONE - ARTIGIANATO E PROBLEMI DEL LAVORO;TITOLO II - SPESE D'INVESTIMENTO;PARTECIPAZIONI AZIONARIE E CONFERIMENTI;;0,00
2015;INTERVENTI PER LO SVILUPPO ECONOMICO;TURISMO;TITOLO I - SPESE CORRENTI;ACQUISTO DI BENI E SERVIZI;;10792575,93
2015;INTERVENTI PER LO SVILUPPO ECONOMICO;TURISMO;TITOLO I - SPESE CORRENTI;TRASFERIMENTI CORRENTI;AI COMUNI;695500,00
2015;INTERVENTI PER LO SVILUPPO ECONOMICO;TURISMO;TITOLO I - SPESE CORRENTI;TRASFERIMENTI CORRENTI;ALLE PROVINCE;3150000,00
2015;INTERVENTI PER LO SVILUPPO ECONOMICO;TURISMO;TITOLO I - SPESE CORRENTI;TRASFERIMENTI CORRENTI;AI CONSORZI ED AZIENDE DI ENTI LOCALI E ALLE COMUNITA' MONTANE;74937,00
2015;INTERVENTI PER LO SVILUPPO ECONOMICO;TURISMO;TITOLO I - SPESE CORRENTI;TRASFERIMENTI CORRENTI;AD ALTRI ENTI DEL SETTORE PUBBLICO ALLARGATO;78000,00
2015;INTERVENTI PER LO SVILUPPO ECONOMICO;TURISMO;TITOLO I - SPESE CORRENTI;TRASFERIMENTI CORRENTI;AL SETTORE PRIVATO;6016250,48
2015;INTERVENTI PER LO SVILUPPO ECONOMICO;TURISMO;TITOLO II - SPESE D'INVESTIMENTO;TRASFERIMENTI IN CONTO CAPITALE;AI COMUNI;3614540,07
2015;INTERVENTI PER LO SVILUPPO ECONOMICO;TURISMO;TITOLO II - SPESE D'INVESTIMENTO;TRASFERIMENTI IN CONTO CAPITALE;ALLE PROVINCE;73558,95
2015;INTERVENTI PER LO SVILUPPO ECONOMICO;TURISMO;TITOLO II - SPESE D'INVESTIMENTO;TRASFERIMENTI IN CONTO CAPITALE;AL SETTORE PRIVATO;6813389,38
2015;INTERVENTI PER LO SVILUPPO ECONOMICO;COMMERCIO;TITOLO I - SPESE CORRENTI;ACQUISTO DI BENI E SERVIZI;;938601,38
2015;INTERVENTI PER LO SVILUPPO ECONOMICO;COMMERCIO;TITOLO I - SPESE CORRENTI;TRASFERIMENTI CORRENTI;ALLE PROVINCE;1000000,00
2015;INTERVENTI PER LO SVILUPPO ECONOMICO;COMMERCIO;TITOLO I - SPESE CORRENTI;TRASFERIMENTI CORRENTI;AL SETTORE PRIVATO;620000,00
2015;INTERVENTI PER LO SVILUPPO ECONOMICO;COMMERCIO;TITOLO II - SPESE D'INVESTIMENTO;TRASFERIMENTI IN CONTO CAPITALE;ALLE PROVINCE;0,00
2015;INTERVENTI PER LO SVILUPPO ECONOMICO;COMMERCIO;TITOLO II - SPESE D'INVESTIMENTO;TRASFERIMENTI IN CONTO CAPITALE;AL SETTORE PRIVATO;3030000,00
2015;INTERVENTI PER LO SVILUPPO ECONOMICO;COMMERCIO;TITOLO II - SPESE D'INVESTIMENTO;PARTECIPAZIONI AZIONARIE E CONFERIMENTI;;0,00
2015;USO, SALVAGUARDIA E SVILUPPO DEL TERRITORIO;URBANISTICA E POLITICHE PER LA CASA;TITOLO I - SPESE CORRENTI;ACQUISTO DI BENI E SERVIZI;;4073214,14
2015;USO, SALVAGUARDIA E SVILUPPO DEL TERRITORIO;URBANISTICA E POLITICHE PER LA CASA;TITOLO I - SPESE CORRENTI;TRASFERIMENTI CORRENTI;ALLO STATO E AD ALTRI ENTI DEL SETTORE STATALE;16885,42
2015;USO, SALVAGUARDIA E SVILUPPO DEL TERRITORIO;URBANISTICA E POLITICHE PER LA CASA;TITOLO I - SPESE CORRENTI;TRASFERIMENTI CORRENTI;AI COMUNI;20674880,08
2015;USO, SALVAGUARDIA E SVILUPPO DEL TERRITORIO;URBANISTICA E POLITICHE PER LA CASA;TITOLO I - SPESE CORRENTI;TRASFERIMENTI CORRENTI;ALLE PROVINCE;0,00
2015;USO, SALVAGUARDIA E SVILUPPO DEL TERRITORIO;URBANISTICA E POLITICHE PER LA CASA;TITOLO I - SPESE CORRENTI;TRASFERIMENTI CORRENTI;AL SETTORE PRIVATO;0,00
2015;USO, SALVAGUARDIA E SVILUPPO DEL TERRITORIO;URBANISTICA E POLITICHE PER LA CASA;TITOLO I - SPESE CORRENTI;SOMME NON ATTRIBUIBILI         ;;31285,79
2015;USO, SALVAGUARDIA E SVILUPPO DEL TERRITORIO;URBANISTICA E POLITICHE PER LA CASA;TITOLO II - SPESE D'INVESTIMENTO;TRASFERIMENTI IN CONTO CAPITALE;AI COMUNI;79455445,23
2015;USO, SALVAGUARDIA E SVILUPPO DEL TERRITORIO;URBANISTICA E POLITICHE PER LA CASA;TITOLO II - SPESE D'INVESTIMENTO;TRASFERIMENTI IN CONTO CAPITALE;AL SETTORE PRIVATO;90316461,06
2015;USO, SALVAGUARDIA E SVILUPPO DEL TERRITORIO;URBANISTICA E POLITICHE PER LA CASA;TITOLO II - SPESE D'INVESTIMENTO;CONCESSIONI DI CREDITI ED ANTICIPAZIONI;;9468198,31
2015;USO, SALVAGUARDIA E SVILUPPO DEL TERRITORIO;TUTELA E VALORIZZAZIONE DELL'AMBIENTE;TITOLO I - SPESE CORRENTI;ACQUISTO DI BENI E SERVIZI;;5828856,59
2015;USO, SALVAGUARDIA E SVILUPPO DEL TERRITORIO;TUTELA E VALORIZZAZIONE DELL'AMBIENTE;TITOLO I - SPESE CORRENTI;TRASFERIMENTI CORRENTI;ALLO STATO E AD ALTRI ENTI DEL SETTORE STATALE;0,00
2015;USO, SALVAGUARDIA E SVILUPPO DEL TERRITORIO;TUTELA E VALORIZZAZIONE DELL'AMBIENTE;TITOLO I - SPESE CORRENTI;TRASFERIMENTI CORRENTI;AI COMUNI;166216,64
2015;USO, SALVAGUARDIA E SVILUPPO DEL TERRITORIO;TUTELA E VALORIZZAZIONE DELL'AMBIENTE;TITOLO I - SPESE CORRENTI;TRASFERIMENTI CORRENTI;ALLE PROVINCE;7241961,38
2015;USO, SALVAGUARDIA E SVILUPPO DEL TERRITORIO;TUTELA E VALORIZZAZIONE DELL'AMBIENTE;TITOLO I - SPESE CORRENTI;TRASFERIMENTI CORRENTI;AI CONSORZI ED AZIENDE DI ENTI LOCALI E ALLE COMUNITA' MONTANE;5944000,00
2015;USO, SALVAGUARDIA E SVILUPPO DEL TERRITORIO;TUTELA E VALORIZZAZIONE DELL'AMBIENTE;TITOLO I - SPESE CORRENTI;TRASFERIMENTI CORRENTI;AD ALTRI ENTI DEL SETTORE PUBBLICO ALLARGATO;4234209,00
2015;USO, SALVAGUARDIA E SVILUPPO DEL TERRITORIO;TUTELA E VALORIZZAZIONE DELL'AMBIENTE;TITOLO I - SPESE CORRENTI;TRASFERIMENTI CORRENTI;AL SETTORE PRIVATO;1894224,49
2015;USO, SALVAGUARDIA E SVILUPPO DEL TERRITORIO;TUTELA E VALORIZZAZIONE DELL'AMBIENTE;TITOLO II - SPESE D'INVESTIMENTO;BENI ED OPERE IMMOBILIARI;;55589868,70
2015;USO, SALVAGUARDIA E SVILUPPO DEL TERRITORIO;TUTELA E VALORIZZAZIONE DELL'AMBIENTE;TITOLO II - SPESE D'INVESTIMENTO;BENI MOBILI, MACCHINE ED ATTREZZATURE TECNICO-SCIENTIFICHE;;769088,93
2015;USO, SALVAGUARDIA E SVILUPPO DEL TERRITORIO;TUTELA E VALORIZZAZIONE DELL'AMBIENTE;TITOLO II - SPESE D'INVESTIMENTO;TRASFERIMENTI IN CONTO CAPITALE;ALLO STATO E AD ALTRI ENTI DEL SETTORE STATALE;0,00
2015;USO, SALVAGUARDIA E SVILUPPO DEL TERRITORIO;TUTELA E VALORIZZAZIONE DELL'AMBIENTE;TITOLO II - SPESE D'INVESTIMENTO;TRASFERIMENTI IN CONTO CAPITALE;AI COMUNI;13513915,87
2015;USO, SALVAGUARDIA E SVILUPPO DEL TERRITORIO;TUTELA E VALORIZZAZIONE DELL'AMBIENTE;TITOLO II - SPESE D'INVESTIMENTO;TRASFERIMENTI IN CONTO CAPITALE;ALLE PROVINCE;22062336,97
2015;USO, SALVAGUARDIA E SVILUPPO DEL TERRITORIO;TUTELA E VALORIZZAZIONE DELL'AMBIENTE;TITOLO II - SPESE D'INVESTIMENTO;TRASFERIMENTI IN CONTO CAPITALE;AI CONSORZI ED AZIENDE DI ENTI LOCALI E ALLE COMUNITA' MONTANE;11000000,00
2015;USO, SALVAGUARDIA E SVILUPPO DEL TERRITORIO;TUTELA E VALORIZZAZIONE DELL'AMBIENTE;TITOLO II - SPESE D'INVESTIMENTO;TRASFERIMENTI IN CONTO CAPITALE;AD ALTRI ENTI DEL SETTORE PUBBLICO ALLARGATO;1168846,58
2015;USO, SALVAGUARDIA E SVILUPPO DEL TERRITORIO;TUTELA E VALORIZZAZIONE DELL'AMBIENTE;TITOLO II - SPESE D'INVESTIMENTO;TRASFERIMENTI IN CONTO CAPITALE;AL SETTORE PRIVATO;15241626,58
2015;USO, SALVAGUARDIA E SVILUPPO DEL TERRITORIO;TRASPORTI E MOBILITA';TITOLO I - SPESE CORRENTI;ACQUISTO DI BENI E SERVIZI;;2816454,71
2015;USO, SALVAGUARDIA E SVILUPPO DEL TERRITORIO;TRASPORTI E MOBILITA';TITOLO I - SPESE CORRENTI;TRASFERIMENTI CORRENTI;ALLO STATO E AD ALTRI ENTI DEL SETTORE STATALE;242124,51
2015;USO, SALVAGUARDIA E SVILUPPO DEL TERRITORIO;TRASPORTI E MOBILITA';TITOLO I - SPESE CORRENTI;TRASFERIMENTI CORRENTI;AI COMUNI;405000,00
2015;USO, SALVAGUARDIA E SVILUPPO DEL TERRITORIO;TRASPORTI E MOBILITA';TITOLO I - SPESE CORRENTI;TRASFERIMENTI CORRENTI;ALLE PROVINCE;0,00
2015;USO, SALVAGUARDIA E SVILUPPO DEL TERRITORIO;TRASPORTI E MOBILITA';TITOLO I - SPESE CORRENTI;TRASFERIMENTI CORRENTI;AD ALTRI ENTI DEL SETTORE PUBBLICO ALLARGATO;0,00
2015;USO, SALVAGUARDIA E SVILUPPO DEL TERRITORIO;TRASPORTI E MOBILITA';TITOLO I - SPESE CORRENTI;TRASFERIMENTI CORRENTI;AL SETTORE PRIVATO;407949727,59
2015;USO, SALVAGUARDIA E SVILUPPO DEL TERRITORIO;TRASPORTI E MOBILITA';TITOLO II - SPESE D'INVESTIMENTO;BENI ED OPERE IMMOBILIARI;;294088563,53
2015;USO, SALVAGUARDIA E SVILUPPO DEL TERRITORIO;TRASPORTI E MOBILITA';TITOLO II - SPESE D'INVESTIMENTO;BENI MOBILI, MACCHINE ED ATTREZZATURE TECNICO-SCIENTIFICHE;;2852851,41
2015;USO, SALVAGUARDIA E SVILUPPO DEL TERRITORIO;TRASPORTI E MOBILITA';TITOLO II - SPESE D'INVESTIMENTO;TRASFERIMENTI IN CONTO CAPITALE;AI COMUNI;33257975,19
2015;USO, SALVAGUARDIA E SVILUPPO DEL TERRITORIO;TRASPORTI E MOBILITA';TITOLO II - SPESE D'INVESTIMENTO;TRASFERIMENTI IN CONTO CAPITALE;ALLE PROVINCE;19332734,32
2015;USO, SALVAGUARDIA E SVILUPPO DEL TERRITORIO;TRASPORTI E MOBILITA';TITOLO II - SPESE D'INVESTIMENTO;TRASFERIMENTI IN CONTO CAPITALE;AL SETTORE PRIVATO;34507037,96
2015;USO, SALVAGUARDIA E SVILUPPO DEL TERRITORIO;TRASPORTI E MOBILITA';TITOLO II - SPESE D'INVESTIMENTO;PARTECIPAZIONI AZIONARIE E CONFERIMENTI;;0,00
2015;USO, SALVAGUARDIA E SVILUPPO DEL TERRITORIO;PROTEZIONE CIVILE ED INTERVENTI DI EMERGENZA;TITOLO I - SPESE CORRENTI;ACQUISTO DI BENI E SERVIZI;;561869,04
2015;USO, SALVAGUARDIA E SVILUPPO DEL TERRITORIO;PROTEZIONE CIVILE ED INTERVENTI DI EMERGENZA;TITOLO I - SPESE CORRENTI;TRASFERIMENTI CORRENTI;ALLO STATO E AD ALTRI ENTI DEL SETTORE STATALE;142003,79
2015;USO, SALVAGUARDIA E SVILUPPO DEL TERRITORIO;PROTEZIONE CIVILE ED INTERVENTI DI EMERGENZA;TITOLO I - SPESE CORRENTI;TRASFERIMENTI CORRENTI;AI COMUNI;8992654,71
2015;USO, SALVAGUARDIA E SVILUPPO DEL TERRITORIO;PROTEZIONE CIVILE ED INTERVENTI DI EMERGENZA;TITOLO I - SPESE CORRENTI;TRASFERIMENTI CORRENTI;ALLE PROVINCE;43658,69
2015;USO, SALVAGUARDIA E SVILUPPO DEL TERRITORIO;PROTEZIONE CIVILE ED INTERVENTI DI EMERGENZA;TITOLO I - SPESE CORRENTI;TRASFERIMENTI CORRENTI;AI CONSORZI ED AZIENDE DI ENTI LOCALI E ALLE COMUNITA' MONTANE;5518037,05
2015;USO, SALVAGUARDIA E SVILUPPO DEL TERRITORIO;PROTEZIONE CIVILE ED INTERVENTI DI EMERGENZA;TITOLO I - SPESE CORRENTI;TRASFERIMENTI CORRENTI;AL SETTORE PRIVATO;76860,69
2015;USO, SALVAGUARDIA E SVILUPPO DEL TERRITORIO;PROTEZIONE CIVILE ED INTERVENTI DI EMERGENZA;TITOLO II - SPESE D'INVESTIMENTO;BENI ED OPERE IMMOBILIARI;;16616760,62
2015;USO, SALVAGUARDIA E SVILUPPO DEL TERRITORIO;PROTEZIONE CIVILE ED INTERVENTI DI EMERGENZA;TITOLO II - SPESE D'INVESTIMENTO;BENI MOBILI, MACCHINE ED ATTREZZATURE TECNICO-SCIENTIFICHE;;0,00
2015;USO, SALVAGUARDIA E SVILUPPO DEL TERRITORIO;PROTEZIONE CIVILE ED INTERVENTI DI EMERGENZA;TITOLO II - SPESE D'INVESTIMENTO;TRASFERIMENTI IN CONTO CAPITALE;ALLO STATO E AD ALTRI ENTI DEL SETTORE STATALE;0,00
2015;USO, SALVAGUARDIA E SVILUPPO DEL TERRITORIO;PROTEZIONE CIVILE ED INTERVENTI DI EMERGENZA;TITOLO II - SPESE D'INVESTIMENTO;TRASFERIMENTI IN CONTO CAPITALE;AI COMUNI;22515402,36
2015;USO, SALVAGUARDIA E SVILUPPO DEL TERRITORIO;PROTEZIONE CIVILE ED INTERVENTI DI EMERGENZA;TITOLO II - SPESE D'INVESTIMENTO;TRASFERIMENTI IN CONTO CAPITALE;ALLE PROVINCE;2346009,40
2015;USO, SALVAGUARDIA E SVILUPPO DEL TERRITORIO;PROTEZIONE CIVILE ED INTERVENTI DI EMERGENZA;TITOLO II - SPESE D'INVESTIMENTO;TRASFERIMENTI IN CONTO CAPITALE;AI CONSORZI ED AZIENDE DI ENTI LOCALI E ALLE COMUNITA' MONTANE;28964652,77
2015;USO, SALVAGUARDIA E SVILUPPO DEL TERRITORIO;PROTEZIONE CIVILE ED INTERVENTI DI EMERGENZA;TITOLO II - SPESE D'INVESTIMENTO;TRASFERIMENTI IN CONTO CAPITALE;AD ALTRI ENTI DEL SETTORE PUBBLICO ALLARGATO;903799,57
2015;USO, SALVAGUARDIA E SVILUPPO DEL TERRITORIO;PROTEZIONE CIVILE ED INTERVENTI DI EMERGENZA;TITOLO II - SPESE D'INVESTIMENTO;TRASFERIMENTI IN CONTO CAPITALE;AL SETTORE PRIVATO;8239335,02
2015;TUTELA DELLA SALUTE E SOLIDARIETA' SOCIALE;POLITICHE SANITARIE;TITOLO I - SPESE CORRENTI;SPESE PER IL PERSONALE;;34000,00
2015;TUTELA DELLA SALUTE E SOLIDARIETA' SOCIALE;POLITICHE SANITARIE;TITOLO I - SPESE CORRENTI;ACQUISTO DI BENI E SERVIZI;;259461485,97
2015;TUTELA DELLA SALUTE E SOLIDARIETA' SOCIALE;POLITICHE SANITARIE;TITOLO I - SPESE CORRENTI;TRASFERIMENTI CORRENTI;ALLO STATO E AD ALTRI ENTI DEL SETTORE STATALE;0,00
2015;TUTELA DELLA SALUTE E SOLIDARIETA' SOCIALE;POLITICHE SANITARIE;TITOLO I - SPESE CORRENTI;TRASFERIMENTI CORRENTI;ALLE PROVINCE;172800,00
2015;TUTELA DELLA SALUTE E SOLIDARIETA' SOCIALE;POLITICHE SANITARIE;TITOLO I - SPESE CORRENTI;TRASFERIMENTI CORRENTI;AI CONSORZI ED AZIENDE DI ENTI LOCALI E ALLE COMUNITA' MONTANE;0,00
2015;TUTELA DELLA SALUTE E SOLIDARIETA' SOCIALE;POLITICHE SANITARIE;TITOLO I - SPESE CORRENTI;TRASFERIMENTI CORRENTI;AD ALTRI ENTI DEL SETTORE PUBBLICO ALLARGATO;202984,77
2015;TUTELA DELLA SALUTE E SOLIDARIETA' SOCIALE;POLITICHE SANITARIE;TITOLO I - SPESE CORRENTI;TRASFERIMENTI CORRENTI;ALLE AZIENDE SANITARIE LOCALI;8270444124,30
2015;TUTELA DELLA SALUTE E SOLIDARIETA' SOCIALE;POLITICHE SANITARIE;TITOLO I - SPESE CORRENTI;TRASFERIMENTI CORRENTI;AL SETTORE PRIVATO;2078237,00
2015;TUTELA DELLA SALUTE E SOLIDARIETA' SOCIALE;POLITICHE SANITARIE;TITOLO I - SPESE CORRENTI;ALTRE SPESE CORRENTI;;21700,00
2015;TUTELA DELLA SALUTE E SOLIDARIETA' SOCIALE;POLITICHE SANITARIE;TITOLO II - SPESE D'INVESTIMENTO;BENI MOBILI, MACCHINE ED ATTREZZATURE TECNICO-SCIENTIFICHE;;2300000,00
2015;TUTELA DELLA SALUTE E SOLIDARIETA' SOCIALE;POLITICHE SANITARIE;TITOLO II - SPESE D'INVESTIMENTO;TRASFERIMENTI IN CONTO CAPITALE;ALLE PROVINCE;74343,32
2015;TUTELA DELLA SALUTE E SOLIDARIETA' SOCIALE;POLITICHE SANITARIE;TITOLO II - SPESE D'INVESTIMENTO;TRASFERIMENTI IN CONTO CAPITALE;ALLE AZIENDE SANITARIE LOCALI;53152685,20
2015;TUTELA DELLA SALUTE E SOLIDARIETA' SOCIALE;POLITICHE SANITARIE;TITOLO II - SPESE D'INVESTIMENTO;PARTECIPAZIONI AZIONARIE E CONFERIMENTI;;0,00
2015;TUTELA DELLA SALUTE E SOLIDARIETA' SOCIALE;INTERVENTI DI SOLIDARIETA' SOCIALE;TITOLO I - SPESE CORRENTI;ACQUISTO DI BENI E SERVIZI;;1715710,94
2015;TUTELA DELLA SALUTE E SOLIDARIETA' SOCIALE;INTERVENTI DI SOLIDARIETA' SOCIALE;TITOLO I - SPESE CORRENTI;TRASFERIMENTI CORRENTI;ALLO STATO E AD ALTRI ENTI DEL SETTORE STATALE;5198,60
2015;TUTELA DELLA SALUTE E SOLIDARIETA' SOCIALE;INTERVENTI DI SOLIDARIETA' SOCIALE;TITOLO I - SPESE CORRENTI;TRASFERIMENTI CORRENTI;AI COMUNI;21558000,25
2015;TUTELA DELLA SALUTE E SOLIDARIETA' SOCIALE;INTERVENTI DI SOLIDARIETA' SOCIALE;TITOLO I - SPESE CORRENTI;TRASFERIMENTI CORRENTI;ALLE PROVINCE;1190934,20
2015;TUTELA DELLA SALUTE E SOLIDARIETA' SOCIALE;INTERVENTI DI SOLIDARIETA' SOCIALE;TITOLO I - SPESE CORRENTI;TRASFERIMENTI CORRENTI;AD ALTRI ENTI DEL SETTORE PUBBLICO ALLARGATO;1944373,86
2015;TUTELA DELLA SALUTE E SOLIDARIETA' SOCIALE;INTERVENTI DI SOLIDARIETA' SOCIALE;TITOLO I - SPESE CORRENTI;TRASFERIMENTI CORRENTI;ALLE AZIENDE SANITARIE LOCALI;566027,08
2015;TUTELA DELLA SALUTE E SOLIDARIETA' SOCIALE;INTERVENTI DI SOLIDARIETA' SOCIALE;TITOLO I - SPESE CORRENTI;TRASFERIMENTI CORRENTI;AL SETTORE PRIVATO;1219836,49
2015;TUTELA DELLA SALUTE E SOLIDARIETA' SOCIALE;INTERVENTI DI SOLIDARIETA' SOCIALE;TITOLO II - SPESE D'INVESTIMENTO;TRASFERIMENTI IN CONTO CAPITALE;AI COMUNI;10819857,59
2015;TUTELA DELLA SALUTE E SOLIDARIETA' SOCIALE;INTERVENTI DI SOLIDARIETA' SOCIALE;TITOLO II - SPESE D'INVESTIMENTO;TRASFERIMENTI IN CONTO CAPITALE;AL SETTORE PRIVATO;4218600,37
2015;ISTRUZIONE, ATTIVITA' FORMATIVE, CULTURALI, SPORTIVE E RICREATIVE;ISTRUZIONE PRESCOLASTICA;TITOLO I - SPESE CORRENTI;ACQUISTO DI BENI E SERVIZI;;114115,40
2015;ISTRUZIONE, ATTIVITA' FORMATIVE, CULTURALI, SPORTIVE E RICREATIVE;ISTRUZIONE PRESCOLASTICA;TITOLO I - SPESE CORRENTI;TRASFERIMENTI CORRENTI;AI COMUNI;0,00
2015;ISTRUZIONE, ATTIVITA' FORMATIVE, CULTURALI, SPORTIVE E RICREATIVE;ISTRUZIONE PRESCOLASTICA;TITOLO I - SPESE CORRENTI;TRASFERIMENTI CORRENTI;ALLE PROVINCE;11350000,00
2015;ISTRUZIONE, ATTIVITA' FORMATIVE, CULTURALI, SPORTIVE E RICREATIVE;ISTRUZIONE PRESCOLASTICA;TITOLO I - SPESE CORRENTI;TRASFERIMENTI CORRENTI;AL SETTORE PRIVATO;0,00
2015;ISTRUZIONE, ATTIVITA' FORMATIVE, CULTURALI, SPORTIVE E RICREATIVE;ISTRUZIONE PRESCOLASTICA;TITOLO II - SPESE D'INVESTIMENTO;TRASFERIMENTI IN CONTO CAPITALE;ALLE PROVINCE;0,00
2015;ISTRUZIONE, ATTIVITA' FORMATIVE, CULTURALI, SPORTIVE E RICREATIVE;ISTRUZIONE SCOLASTICA;TITOLO I - SPESE CORRENTI;ACQUISTO DI BENI E SERVIZI;;0,00
2015;ISTRUZIONE, ATTIVITA' FORMATIVE, CULTURALI, SPORTIVE E RICREATIVE;ISTRUZIONE SCOLASTICA;TITOLO I - SPESE CORRENTI;TRASFERIMENTI CORRENTI;AI COMUNI;3833612,59
2015;ISTRUZIONE, ATTIVITA' FORMATIVE, CULTURALI, SPORTIVE E RICREATIVE;ISTRUZIONE SCOLASTICA;TITOLO I - SPESE CORRENTI;TRASFERIMENTI CORRENTI;ALLE PROVINCE;7000000,00
2015;ISTRUZIONE, ATTIVITA' FORMATIVE, CULTURALI, SPORTIVE E RICREATIVE;ISTRUZIONE SCOLASTICA;TITOLO I - SPESE CORRENTI;TRASFERIMENTI CORRENTI;AL SETTORE PRIVATO;13627453,41
2015;ISTRUZIONE, ATTIVITA' FORMATIVE, CULTURALI, SPORTIVE E RICREATIVE;ISTRUZIONE SCOLASTICA;TITOLO II - SPESE D'INVESTIMENTO;TRASFERIMENTI IN CONTO CAPITALE;AI COMUNI;1160486,87
2015;ISTRUZIONE, ATTIVITA' FORMATIVE, CULTURALI, SPORTIVE E RICREATIVE;ISTRUZIONE SCOLASTICA;TITOLO II - SPESE D'INVESTIMENTO;TRASFERIMENTI IN CONTO CAPITALE;ALLE PROVINCE;0,00
2015;ISTRUZIONE, ATTIVITA' FORMATIVE, CULTURALI, SPORTIVE E RICREATIVE;ISTRUZIONE SUPERIORE E UNIVERSITARIA;TITOLO I - SPESE CORRENTI;ACQUISTO DI BENI E SERVIZI;;0,00
2015;ISTRUZIONE, ATTIVITA' FORMATIVE, CULTURALI, SPORTIVE E RICREATIVE;ISTRUZIONE SUPERIORE E UNIVERSITARIA;TITOLO I - SPESE CORRENTI;TRASFERIMENTI CORRENTI;ALLO STATO E AD ALTRI ENTI DEL SETTORE STATALE;499041,12
2015;ISTRUZIONE, ATTIVITA' FORMATIVE, CULTURALI, SPORTIVE E RICREATIVE;ISTRUZIONE SUPERIORE E UNIVERSITARIA;TITOLO I - SPESE CORRENTI;TRASFERIMENTI CORRENTI;AI COMUNI;0,00
2015;ISTRUZIONE, ATTIVITA' FORMATIVE, CULTURALI, SPORTIVE E RICREATIVE;ISTRUZIONE SUPERIORE E UNIVERSITARIA;TITOLO I - SPESE CORRENTI;TRASFERIMENTI CORRENTI;ALLE PROVINCE;0,00
2015;ISTRUZIONE, ATTIVITA' FORMATIVE, CULTURALI, SPORTIVE E RICREATIVE;ISTRUZIONE SUPERIORE E UNIVERSITARIA;TITOLO I - SPESE CORRENTI;TRASFERIMENTI CORRENTI;AI CONSORZI ED AZIENDE DI ENTI LOCALI E ALLE COMUNITA' MONTANE;43125000,00
2015;ISTRUZIONE, ATTIVITA' FORMATIVE, CULTURALI, SPORTIVE E RICREATIVE;ISTRUZIONE SUPERIORE E UNIVERSITARIA;TITOLO I - SPESE CORRENTI;TRASFERIMENTI CORRENTI;AL SETTORE PRIVATO;0,00
2015;ISTRUZIONE, ATTIVITA' FORMATIVE, CULTURALI, SPORTIVE E RICREATIVE;ISTRUZIONE SUPERIORE E UNIVERSITARIA;TITOLO II - SPESE D'INVESTIMENTO;TRASFERIMENTI IN CONTO CAPITALE;AI COMUNI;2236075,36
2015;ISTRUZIONE, ATTIVITA' FORMATIVE, CULTURALI, SPORTIVE E RICREATIVE;FORMAZIONE ALLE PROFESSIONI E SOSTEGNO DELL'OCCUPAZIONE;TITOLO I - SPESE CORRENTI;SPESE PER IL PERSONALE;;0,00
2015;ISTRUZIONE, ATTIVITA' FORMATIVE, CULTURALI, SPORTIVE E RICREATIVE;FORMAZIONE ALLE PROFESSIONI E SOSTEGNO DELL'OCCUPAZIONE;TITOLO I - SPESE CORRENTI;ACQUISTO DI BENI E SERVIZI;;16624153,46
2015;ISTRUZIONE, ATTIVITA' FORMATIVE, CULTURALI, SPORTIVE E RICREATIVE;FORMAZIONE ALLE PROFESSIONI E SOSTEGNO DELL'OCCUPAZIONE;TITOLO I - SPESE CORRENTI;TRASFERIMENTI CORRENTI;ALLO STATO E AD ALTRI ENTI DEL SETTORE STATALE;5447702,50
2015;ISTRUZIONE, ATTIVITA' FORMATIVE, CULTURALI, SPORTIVE E RICREATIVE;FORMAZIONE ALLE PROFESSIONI E SOSTEGNO DELL'OCCUPAZIONE;TITOLO I - SPESE CORRENTI;TRASFERIMENTI CORRENTI;AI COMUNI;48375,86
2015;ISTRUZIONE, ATTIVITA' FORMATIVE, CULTURALI, SPORTIVE E RICREATIVE;FORMAZIONE ALLE PROFESSIONI E SOSTEGNO DELL'OCCUPAZIONE;TITOLO I - SPESE CORRENTI;TRASFERIMENTI CORRENTI;ALLE PROVINCE;84532434,97
2015;ISTRUZIONE, ATTIVITA' FORMATIVE, CULTURALI, SPORTIVE E RICREATIVE;FORMAZIONE ALLE PROFESSIONI E SOSTEGNO DELL'OCCUPAZIONE;TITOLO I - SPESE CORRENTI;TRASFERIMENTI CORRENTI;AI CONSORZI ED AZIENDE DI ENTI LOCALI E ALLE COMUNITA' MONTANE;0,00
2015;ISTRUZIONE, ATTIVITA' FORMATIVE, CULTURALI, SPORTIVE E RICREATIVE;FORMAZIONE ALLE PROFESSIONI E SOSTEGNO DELL'OCCUPAZIONE;TITOLO I - SPESE CORRENTI;TRASFERIMENTI CORRENTI;AD ALTRI ENTI DEL SETTORE PUBBLICO ALLARGATO;248971,80
2015;ISTRUZIONE, ATTIVITA' FORMATIVE, CULTURALI, SPORTIVE E RICREATIVE;FORMAZIONE ALLE PROFESSIONI E SOSTEGNO DELL'OCCUPAZIONE;TITOLO I - SPESE CORRENTI;TRASFERIMENTI CORRENTI;AL SETTORE PRIVATO;113671123,37
2015;ISTRUZIONE, ATTIVITA' FORMATIVE, CULTURALI, SPORTIVE E RICREATIVE;FORMAZIONE ALLE PROFESSIONI E SOSTEGNO DELL'OCCUPAZIONE;TITOLO II - SPESE D'INVESTIMENTO;TRASFERIMENTI IN CONTO CAPITALE;AI COMUNI;0,00
2015;ISTRUZIONE, ATTIVITA' FORMATIVE, CULTURALI, SPORTIVE E RICREATIVE;ATTIVITA' CULTURALI;TITOLO I - SPESE CORRENTI;ACQUISTO DI BENI E SERVIZI;;415000,00
2015;ISTRUZIONE, ATTIVITA' FORMATIVE, CULTURALI, SPORTIVE E RICREATIVE;ATTIVITA' CULTURALI;TITOLO I - SPESE CORRENTI;TRASFERIMENTI CORRENTI;AI COMUNI;535000,00
2015;ISTRUZIONE, ATTIVITA' FORMATIVE, CULTURALI, SPORTIVE E RICREATIVE;ATTIVITA' CULTURALI;TITOLO I - SPESE CORRENTI;TRASFERIMENTI CORRENTI;ALLE PROVINCE;6911000,00
2015;ISTRUZIONE, ATTIVITA' FORMATIVE, CULTURALI, SPORTIVE E RICREATIVE;ATTIVITA' CULTURALI;TITOLO I - SPESE CORRENTI;TRASFERIMENTI CORRENTI;AI CONSORZI ED AZIENDE DI ENTI LOCALI E ALLE COMUNITA' MONTANE;7150000,00
2015;ISTRUZIONE, ATTIVITA' FORMATIVE, CULTURALI, SPORTIVE E RICREATIVE;ATTIVITA' CULTURALI;TITOLO I - SPESE CORRENTI;TRASFERIMENTI CORRENTI;AL SETTORE PRIVATO;16130000,00
2015;ISTRUZIONE, ATTIVITA' FORMATIVE, CULTURALI, SPORTIVE E RICREATIVE;ATTIVITA' CULTURALI;TITOLO II - SPESE D'INVESTIMENTO;BENI ED OPERE IMMOBILIARI;;0,00
2015;ISTRUZIONE, ATTIVITA' FORMATIVE, CULTURALI, SPORTIVE E RICREATIVE;ATTIVITA' CULTURALI;TITOLO II - SPESE D'INVESTIMENTO;BENI MOBILI, MACCHINE ED ATTREZZATURE TECNICO-SCIENTIFICHE;;0,00
2015;ISTRUZIONE, ATTIVITA' FORMATIVE, CULTURALI, SPORTIVE E RICREATIVE;ATTIVITA' CULTURALI;TITOLO II - SPESE D'INVESTIMENTO;TRASFERIMENTI IN CONTO CAPITALE;AI COMUNI;13420688,28
2015;ISTRUZIONE, ATTIVITA' FORMATIVE, CULTURALI, SPORTIVE E RICREATIVE;ATTIVITA' CULTURALI;TITOLO II - SPESE D'INVESTIMENTO;TRASFERIMENTI IN CONTO CAPITALE;ALLE PROVINCE;0,00
2015;ISTRUZIONE, ATTIVITA' FORMATIVE, CULTURALI, SPORTIVE E RICREATIVE;ATTIVITA' CULTURALI;TITOLO II - SPESE D'INVESTIMENTO;TRASFERIMENTI IN CONTO CAPITALE;AI CONSORZI ED AZIENDE DI ENTI LOCALI E ALLE COMUNITA' MONTANE;0,00
2015;ISTRUZIONE, ATTIVITA' FORMATIVE, CULTURALI, SPORTIVE E RICREATIVE;ATTIVITA' CULTURALI;TITOLO II - SPESE D'INVESTIMENTO;TRASFERIMENTI IN CONTO CAPITALE;AL SETTORE PRIVATO;0,00
2015;ISTRUZIONE, ATTIVITA' FORMATIVE, CULTURALI, SPORTIVE E RICREATIVE;ATTIVITA' CULTURALI;TITOLO II - SPESE D'INVESTIMENTO;PARTECIPAZIONI AZIONARIE E CONFERIMENTI;;0,00
2015;ISTRUZIONE, ATTIVITA' FORMATIVE, CULTURALI, SPORTIVE E RICREATIVE;PROMOZIONE DELLO SPORT E DELLE ATTIVITA' RICREATIVE;TITOLO I - SPESE CORRENTI;ACQUISTO DI BENI E SERVIZI;;25000,00
2015;ISTRUZIONE, ATTIVITA' FORMATIVE, CULTURALI, SPORTIVE E RICREATIVE;PROMOZIONE DELLO SPORT E DELLE ATTIVITA' RICREATIVE;TITOLO I - SPESE CORRENTI;TRASFERIMENTI CORRENTI;ALLE PROVINCE;475000,00
2015;ISTRUZIONE, ATTIVITA' FORMATIVE, CULTURALI, SPORTIVE E RICREATIVE;PROMOZIONE DELLO SPORT E DELLE ATTIVITA' RICREATIVE;TITOLO I - SPESE CORRENTI;TRASFERIMENTI CORRENTI;AL SETTORE PRIVATO;725000,00
2015;ISTRUZIONE, ATTIVITA' FORMATIVE, CULTURALI, SPORTIVE E RICREATIVE;PROMOZIONE DELLO SPORT E DELLE ATTIVITA' RICREATIVE;TITOLO II - SPESE D'INVESTIMENTO;TRASFERIMENTI IN CONTO CAPITALE;AI COMUNI;1345000,00
2015;ISTRUZIONE, ATTIVITA' FORMATIVE, CULTURALI, SPORTIVE E RICREATIVE;PROMOZIONE DELLO SPORT E DELLE ATTIVITA' RICREATIVE;TITOLO II - SPESE D'INVESTIMENTO;TRASFERIMENTI IN CONTO CAPITALE;ALLE PROVINCE;4094337,10
2015;ONERI GENERALI NON ATTRIBUIBILI;FONDI  DI RISERVA;TITOLO I - SPESE CORRENTI;SOMME NON ATTRIBUIBILI         ;;94262025,70
2015;ONERI GENERALI NON ATTRIBUIBILI;FONDI SPECIALI E DI ACCANTONAMENTO;TITOLO I - SPESE CORRENTI;SOMME NON ATTRIBUIBILI         ;;63589363,01
2015;ONERI GENERALI NON ATTRIBUIBILI;FONDI SPECIALI E DI ACCANTONAMENTO;TITOLO II - SPESE D'INVESTIMENTO;SOMME NON ATTRIBUIBILI         ;;42011251,46
2015;ONERI GENERALI NON ATTRIBUIBILI;ONERI VARI NON RIPARTIBILI;TITOLO I - SPESE CORRENTI;TRASFERIMENTI CORRENTI;ALLO STATO E AD ALTRI ENTI DEL SETTORE STATALE;0,00
2015;ONERI GENERALI NON ATTRIBUIBILI;ONERI VARI NON RIPARTIBILI;TITOLO I - SPESE CORRENTI;INTERESSI PASSIVI;;15805195,00
2015;ONERI GENERALI NON ATTRIBUIBILI;ONERI VARI NON RIPARTIBILI;TITOLO I - SPESE CORRENTI;ALTRE SPESE CORRENTI;;0,00
2015;ONERI GENERALI NON ATTRIBUIBILI;ONERI VARI NON RIPARTIBILI;TITOLO I - SPESE CORRENTI;SOMME NON ATTRIBUIBILI         ;;24296066,37
2015;ONERI GENERALI NON ATTRIBUIBILI;ONERI VARI NON RIPARTIBILI;TITOLO II - SPESE D'INVESTIMENTO;TRASFERIMENTI IN CONTO CAPITALE;AI COMUNI;181520,10
2015;ONERI GENERALI NON ATTRIBUIBILI;ONERI VARI NON RIPARTIBILI;TITOLO II - SPESE D'INVESTIMENTO;TRASFERIMENTI IN CONTO CAPITALE;AL SETTORE PRIVATO;150000,00
2015;ONERI GENERALI NON ATTRIBUIBILI;ONERI VARI NON RIPARTIBILI;TITOLO II - SPESE D'INVESTIMENTO;SOMME NON ATTRIBUIBILI         ;;189197599,41
2015;ONERI GENERALI NON ATTRIBUIBILI;RIMBORSO DEI PRESTITI;TITOLO I - SPESE CORRENTI;INTERESSI PASSIVI;;108434367,03
2015;ONERI GENERALI NON ATTRIBUIBILI;RIMBORSO DEI PRESTITI;TITOLO III - SPESE PER IL RIMBORSO DI MUTUI E PRESTITI;MUTUI         ;;90041804,50
2015;ONERI GENERALI NON ATTRIBUIBILI;RIMBORSO DEI PRESTITI;TITOLO III - SPESE PER IL RIMBORSO DI MUTUI E PRESTITI;OBBLIGAZIONI         ;;10619537,94
2015;ONERI GENERALI NON ATTRIBUIBILI;RIMBORSO DEI PRESTITI;TITOLO III - SPESE PER IL RIMBORSO DI MUTUI E PRESTITI;ANTICIPAZIONI ED ALTRE OPERAZIONI DI CREDITO A BREVE TERMINE        ;;20393357,43
2015;ONERI GENERALI NON ATTRIBUIBILI;FONDI DI GARANZIA;TITOLO II - SPESE D'INVESTIMENTO;TRASFERIMENTI IN CONTO CAPITALE;AL SETTORE PRIVATO;789823,20
2015;ONERI GENERALI NON ATTRIBUIBILI;FONDI DI GARANZIA;TITOLO II - SPESE D'INVESTIMENTO;CONCESSIONI DI CREDITI ED ANTICIPAZIONI;;0,00